Comment,Link
sao má»™t sá»‘ nÆ¡i ko cÃ³ loáº¡i nÆ°á»›c nÃ y,https://www.tiktok.com/@lipovitan.vn/video/7319369236659375368?is_from_webapp=1&sender_device=pc&web_id=7354350670441104912
giáº£i bÃ i váº­t lÃ½ 9 há»™ em áº¡,https://www.tiktok.com/@lipovitan.vn/video/7319369236659375368?is_from_webapp=1&sender_device=pc&web_id=7354350670441104912
Libo giÃºp mÃ¬nh quÃªn nic Ä‘c k,https://www.tiktok.com/@lipovitan.vn/video/7319369236659375368?is_from_webapp=1&sender_device=pc&web_id=7354350670441104912
nÃ³i tháº­t nÆ°á»›c ko ngon ğŸ˜³,https://www.tiktok.com/@lipovitan.vn/video/7319369236659375368?is_from_webapp=1&sender_device=pc&web_id=7354350670441104912
"giao cho em bÃ¬nh á»Ÿ hasaki gáº§n 999,999,999Ä‘ ğŸ˜",https://www.tiktok.com/@lipovitan.vn/video/7319369236659375368?is_from_webapp=1&sender_device=pc&web_id=7354350670441104912
@1% cÃ³ lÃ  cÃ³ libo,https://www.tiktok.com/@lipovitan.vn/video/7319369236659375368?is_from_webapp=1&sender_device=pc&web_id=7354350670441104912
[viá»‡t nam],https://www.tiktok.com/@lipovitan.vn/video/7319369236659375368?is_from_webapp=1&sender_device=pc&web_id=7354350670441104912
[simon],https://www.tiktok.com/@lipovitan.vn/video/7319369236659375368?is_from_webapp=1&sender_device=pc&web_id=7354350670441104912
há»i Vi cÃ²n láº¡i lÃ  ngÆ°á»i Ä‘áº§u tÆ° thÃªm má»™t Ã­t hi sinh nháº­t cho Bin cho cÃ¡c báº¡n tráº» mÃ  cÃ²n cháº£nh vÃ  Ä‘Ã¢y chÃ­nh ğŸ˜,https://www.tiktok.com/@lipovitan.vn/video/7319369236659375368?is_from_webapp=1&sender_device=pc&web_id=7354350670441104912
vá»ng cÃ¡i nhiÃªu k,https://www.tiktok.com/@lipovitan.vn/video/7319369236659375368?is_from_webapp=1&sender_device=pc&web_id=7354350670441104912
giÃºp t Ä‘c 10Ä‘,https://www.tiktok.com/@lipovitan.vn/video/7319369236659375368?is_from_webapp=1&sender_device=pc&web_id=7354350670441104912
uá»‘ng dá»Ÿ láº¯m,https://www.tiktok.com/@lipovitan.vn/video/7319369236659375368?is_from_webapp=1&sender_device=pc&web_id=7354350670441104912
Ä‘á»™c háº¡i,https://www.tiktok.com/@lipovitan.vn/video/7319369236659375368?is_from_webapp=1&sender_device=pc&web_id=7354350670441104912
"nÆ°á»›c kh khÃ¡c gÃ¬ nÆ°á»›c Ä‘Æ°á»ng háº¿t, kh ngon",https://www.tiktok.com/@lipovitan.vn/video/7319369236659375368?is_from_webapp=1&sender_device=pc&web_id=7354350670441104912
Nháº­t lÃ m gÃ¬ cÃ³ loáº¡i nÃ yğŸ˜ŒğŸ˜Œ,https://www.tiktok.com/@lipovitan.vn/video/7319369236659375368?is_from_webapp=1&sender_device=pc&web_id=7354350670441104912
náº¿u bá» chá»¯ vitan thÃ¬ hay rá»“i,https://www.tiktok.com/@lipovitan.vn/video/7319369236659375368?is_from_webapp=1&sender_device=pc&web_id=7354350670441104912
thua bÃ² hÃºc,https://www.tiktok.com/@lipovitan.vn/video/7319369236659375368?is_from_webapp=1&sender_device=pc&web_id=7354350670441104912
ğŸ—£ï¸váº­y viá»‡c dá»… cÃ³ aiğŸ”¥ğŸ—¿,https://www.tiktok.com/@lipovitan.vn/video/7319369236659375368?is_from_webapp=1&sender_device=pc&web_id=7354350670441104912
báº¡n Æ¡i tháº£ tim giÃºp mÃ¬nh vÃ i video nha,https://www.tiktok.com/@lipovitan.vn/video/7319369236659375368?is_from_webapp=1&sender_device=pc&web_id=7354350670441104912
giÃºp mik 10Ä‘ táº¥t cáº£ cÃ¡c mÃ´n nhağŸ˜³,https://www.tiktok.com/@lipovitan.vn/video/7319369236659375368?is_from_webapp=1&sender_device=pc&web_id=7354350670441104912
"Thay Ä‘á»•i báº¯t Ä‘áº§u vá»›i viá»‡c báº¡n muá»‘n thay Ä‘á»•i ï¿½ï¿½
15-01-2024 19:53:32",https://www.tiktok.com/@lipovitan.vn/video/7319369236659375368?is_from_webapp=1&sender_device=pc&web_id=7354350670441104912
NghÃ¨o LIPO lo Ä‘c k áº­?ğŸƒğŸŒ·ğŸ’ğŸ’¤ğŸ–ï¸ğŸŒ¦ï¸,https://www.tiktok.com/@lipovitan.vn/video/7319369236659375368?is_from_webapp=1&sender_device=pc&web_id=7354350670441104912
má»™t thá»i,https://www.tiktok.com/@lipovitan.vn/video/7319369236659375368?is_from_webapp=1&sender_device=pc&web_id=7354350670441104912
GhÃª,https://www.tiktok.com/@lipovitan.vn/video/7319369236659375368?is_from_webapp=1&sender_device=pc&web_id=7354350670441104912
ğŸ˜,https://www.tiktok.com/@lipovitan.vn/video/7319369236659375368?is_from_webapp=1&sender_device=pc&web_id=7354350670441104912
3,https://www.tiktok.com/@lipovitan.vn/video/7319369236659375368?is_from_webapp=1&sender_device=pc&web_id=7354350670441104912
ğŸ˜‚ğŸ˜‚,https://www.tiktok.com/@lipovitan.vn/video/7319369236659375368?is_from_webapp=1&sender_device=pc&web_id=7354350670441104912
ğŸ˜ğŸ˜,https://www.tiktok.com/@lipovitan.vn/video/7319369236659375368?is_from_webapp=1&sender_device=pc&web_id=7354350670441104912
ğŸ˜ğŸ˜ğŸ˜ğŸ˜,https://www.tiktok.com/@lipovitan.vn/video/7319369236659375368?is_from_webapp=1&sender_device=pc&web_id=7354350670441104912
nhá»‹p khÃ¡ giá»‘ng yokai watch,https://www.tiktok.com/@lipovitan.vn/video/7319369236659375368?is_from_webapp=1&sender_device=pc&web_id=7354350670441104912
HÃ© lo báº¡n,https://www.tiktok.com/@lipovitan.vn/video/7319369236659375368?is_from_webapp=1&sender_device=pc&web_id=7354350670441104912
"Happiness is not the final destinationï¿½ï¿½
02-01-2024 17:28:05",https://www.tiktok.com/@lipovitan.vn/video/7319369236659375368?is_from_webapp=1&sender_device=pc&web_id=7354350670441104912
@yenes vy,https://www.tiktok.com/@lipovitan.vn/video/7319369236659375368?is_from_webapp=1&sender_device=pc&web_id=7354350670441104912
"Look for meaning in small thingsï¿½ï¿½
02-01-2024 17:11:42",https://www.tiktok.com/@lipovitan.vn/video/7319369236659375368?is_from_webapp=1&sender_device=pc&web_id=7354350670441104912
CÃ³ láº½ mÃ¬nh k há»£p nÆ°á»›c nÃ y. Uá»‘ng nÃ³ dá»Ÿ thÃ¬ thÃ´i rá»“i,https://www.tiktok.com/@lipovitan.vn/video/7312671942253890834?is_from_webapp=1&sender_device=pc&web_id=7354350670441104912
vá»‹ y há»‡t redbullğŸ˜‚ğŸ˜‚,https://www.tiktok.com/@lipovitan.vn/video/7312671942253890834?is_from_webapp=1&sender_device=pc&web_id=7354350670441104912
tui uá»‘ng cÃ¡i vá»‹ nÃ y ko Ä‘c,https://www.tiktok.com/@lipovitan.vn/video/7312671942253890834?is_from_webapp=1&sender_device=pc&web_id=7354350670441104912
"MÃ  Ä‘i Ä‘Ã¢u xa chá»— mÃ¬nh á»Ÿ kiáº¿m nÆ°á»›c nÃ y uá»‘ng k cÃ³ luÃ´n Ã tr , nhiá»u lÃºc thÃ¨m",https://www.tiktok.com/@lipovitan.vn/video/7312671942253890834?is_from_webapp=1&sender_device=pc&web_id=7354350670441104912
vá»‹ nÃ³ khÃ¡ giá»‘ng nhÆ°ng nÃ³ nháº¡t hÆ¡n red bull,https://www.tiktok.com/@lipovitan.vn/video/7312671942253890834?is_from_webapp=1&sender_device=pc&web_id=7354350670441104912
"LÃºc tÃ´i uá»‘ng, háº­u vá»‹ cÃ³ vá»‹ Ä‘áº¯ng. Giáº£i thÃ­ch giÃºp dc hog:3",https://www.tiktok.com/@lipovitan.vn/video/7312671942253890834?is_from_webapp=1&sender_device=pc&web_id=7354350670441104912
tui ghiá»n nÆ°á»›c nÃ y.cÃ³ thá»i gian nghiá»‡n k uá»‘ng lÃ  nhÆ° trÃªn mÃ¢y cÃ³ Ä‘iá»u mua hÆ¡i khÃ³ğŸ˜‚,https://www.tiktok.com/@lipovitan.vn/video/7312671942253890834?is_from_webapp=1&sender_device=pc&web_id=7354350670441104912
ChÆ°a dÃ¹ng thá»­ bao giá» ğŸ¤”,https://www.tiktok.com/@lipovitan.vn/video/7312671942253890834?is_from_webapp=1&sender_device=pc&web_id=7354350670441104912
vá»‹ nhÆ° thuá»‘c tÃ¢y,https://www.tiktok.com/@lipovitan.vn/video/7312671942253890834?is_from_webapp=1&sender_device=pc&web_id=7354350670441104912
ChÃºt nÄƒm má»›i ğŸ¥°ğŸ¥° sang 2024,https://www.tiktok.com/@lipovitan.vn/video/7312671942253890834?is_from_webapp=1&sender_device=pc&web_id=7354350670441104912
@â˜€ï¸phirağŸ°,https://www.tiktok.com/@lipovitan.vn/video/7312671942253890834?is_from_webapp=1&sender_device=pc&web_id=7354350670441104912
Chubin,https://www.tiktok.com/@lipovitan.vn/video/7312671942253890834?is_from_webapp=1&sender_device=pc&web_id=7354350670441104912
má»›i mua chÆ°a khÆ°i mÃ  ko tháº¥y trÃºng thÆ°á»Ÿng nhá»‰,https://www.tiktok.com/@lipovitan.vn/video/7312671942253890834?is_from_webapp=1&sender_device=pc&web_id=7354350670441104912
"vá»‹ giá»‘ng y chang bÃ² hÃºc, ngonn",https://www.tiktok.com/@lipovitan.vn/video/7312671942253890834?is_from_webapp=1&sender_device=pc&web_id=7354350670441104912
ngon mÃ  nhá»‰,https://www.tiktok.com/@lipovitan.vn/video/7312671942253890834?is_from_webapp=1&sender_device=pc&web_id=7354350670441104912
Ngon hÆ¡n bÃ² cá»¥ng,https://www.tiktok.com/@lipovitan.vn/video/7312671942253890834?is_from_webapp=1&sender_device=pc&web_id=7354350670441104912
chÆ°a j Ä‘Ã£ Ä‘áº¿n 2025 rğŸ’€,https://www.tiktok.com/@lipovitan.vn/video/7312671942253890834?is_from_webapp=1&sender_device=pc&web_id=7354350670441104912
"@7thanng10 ngá»t quÃ¡ tr, uá»‘ng ko pha Ä‘Ã¡ lÃ  ngá»t gáº¯t luÃ´n",https://www.tiktok.com/@lipovitan.vn/video/7312671942253890834?is_from_webapp=1&sender_device=pc&web_id=7354350670441104912
NEXTAT350KLIKES,https://www.tiktok.com/@lipovitan.vn/video/7312671942253890834?is_from_webapp=1&sender_device=pc&web_id=7354350670441104912
Red Bull ngon hÆ¡n ...,https://www.tiktok.com/@lipovitan.vn/video/7312671942253890834?is_from_webapp=1&sender_device=pc&web_id=7354350670441104912
Ä‘á»£i quáº£n cÃ¡o tao uá»‘ng Ä‘c 1 nÄƒm rá»“i =),https://www.tiktok.com/@lipovitan.vn/video/7312671942253890834?is_from_webapp=1&sender_device=pc&web_id=7354350670441104912
tÆ°á»Ÿng nÃ³ nghá»‰ bÃ¡n luÃ´n rá»“i,https://www.tiktok.com/@lipovitan.vn/video/7312671942253890834?is_from_webapp=1&sender_device=pc&web_id=7354350670441104912
Ngon nÃ¨ chá»— mÃ¬nh ai cÅ©ng uá»‘ng Ä‘c chuá»™ng hÆ¡n bÃ² hÃºc â€¦,https://www.tiktok.com/@lipovitan.vn/video/7312671942253890834?is_from_webapp=1&sender_device=pc&web_id=7354350670441104912
bÃ² hÃºt má»›i ngon nÆ°á»›c Ä‘Ã³ bÃ¡n cháº­m láº¯m,https://www.tiktok.com/@lipovitan.vn/video/7312671942253890834?is_from_webapp=1&sender_device=pc&web_id=7354350670441104912
"lÃºc Ä‘áº§u báº¡n uá»‘ng sáº½ nghe mÃ¹i vá»‹ thuá»‘c tÃ¢y, nhÆ°ng uá»‘ng qua lon thá»© 2 thÃ¬ vá»‹ uá»‘ng ngon. vÃ¬ trong nÆ°á»›c tÄƒng lá»±c lipovitan cÃ³ thÃ nh pháº§n taurin, háº­u cÃ³ vá»‹ chua nháº¹ kÃ­ch thÃ­ch vá»‹ giÃ¡c giÃºp Äƒn ngon hÆ¡n áº¡.",https://www.tiktok.com/@lipovitan.vn/video/7312671942253890834?is_from_webapp=1&sender_device=pc&web_id=7354350670441104912
Em bá»‹ trÄ© giÃºp e dc k,https://www.tiktok.com/@lipovitan.vn/video/7312671942253890834?is_from_webapp=1&sender_device=pc&web_id=7354350670441104912
á»Ÿ miá»n Trung ThÃ¬ nhiá»u á»Ÿ miá»n nam hÃ¬nh nhÆ° Ã­t ngÆ°á»i uá»‘ng tui toÃ n mua chá»© cháº£ tháº¥y ai mua ğŸ˜‚,https://www.tiktok.com/@lipovitan.vn/video/7312671942253890834?is_from_webapp=1&sender_device=pc&web_id=7354350670441104912
ko cÃ³ trÃºng thÆ°á»Ÿng thÃ¬ ko muağŸ˜‚,https://www.tiktok.com/@lipovitan.vn/video/7312671942253890834?is_from_webapp=1&sender_device=pc&web_id=7354350670441104912
lipovitan váº«n ngon nháº¥t k nÃ³i nhiá»u,https://www.tiktok.com/@lipovitan.vn/video/7312671942253890834?is_from_webapp=1&sender_device=pc&web_id=7354350670441104912
"nhÄƒn nhÃ³ vá»‹ táº¡ch ls, Ä‘lğŸ¥°",https://www.tiktok.com/@lipovitan.vn/video/7312671942253890834?is_from_webapp=1&sender_device=pc&web_id=7354350670441104912
"KhÃ´ng cÃ³ quÃ  táº·ng nhÆ° rockstar vá»›i carabao, ko mua nha",https://www.tiktok.com/@lipovitan.vn/video/7312671942253890834?is_from_webapp=1&sender_device=pc&web_id=7354350670441104912
ğŸ¥°ğŸ¥°ğŸ¥°ğŸ¥°ğŸ¥° mai yeu,https://www.tiktok.com/@lipovitan.vn/video/7312671942253890834?is_from_webapp=1&sender_device=pc&web_id=7354350670441104912
Lipovitan táº·ng bÃ¬nh nÆ°á»›c khi mua má»™t thÃ¹ng Ä‘i,https://www.tiktok.com/@lipovitan.vn/video/7312671942253890834?is_from_webapp=1&sender_device=pc&web_id=7354350670441104912
vá»‹ kÃ¬ kÃ¬,https://www.tiktok.com/@lipovitan.vn/video/7312671942253890834?is_from_webapp=1&sender_device=pc&web_id=7354350670441104912
"Há»“i trÆ°á»›c tui uá»‘ng khÃ´ng quen nÃ³ vá»›i vá»‹ khÃ³ nhÆ° thuá»‘c tÃ¢y , uá»‘ng quen rá»“i nghiá»‡n nha máº¥y bÃ ğŸ˜‚",https://www.tiktok.com/@lipovitan.vn/video/7312671942253890834?is_from_webapp=1&sender_device=pc&web_id=7354350670441104912
nÆ°á»›c nÃ y tui mÆ°a 6 lon trÃºng thÆ°á»Ÿng háº¿t 4 lon :))),https://www.tiktok.com/@lipovitan.vn/video/7312671942253890834?is_from_webapp=1&sender_device=pc&web_id=7354350670441104912
CÃ y rank cho tao,https://www.tiktok.com/@lipovitan.vn/video/7312671942253890834?is_from_webapp=1&sender_device=pc&web_id=7354350670441104912
uá»‘ng nhÆ° thuá»‘c,https://www.tiktok.com/@lipovitan.vn/video/7312671942253890834?is_from_webapp=1&sender_device=pc&web_id=7354350670441104912
LÃ m cty Nháº­t..ngÃ y nÃ o cÅ©ng lÃ m 2-3 lon 1 ngÃ yâ€¦vá»‹ ngá»t vá»«a vá»«a ğŸ¥°ğŸ¥°,https://www.tiktok.com/@lipovitan.vn/video/7312671942253890834?is_from_webapp=1&sender_device=pc&web_id=7354350670441104912
bá»‹ bom hÃ ng cÃ³ LIPOOOOOOOOO,https://www.tiktok.com/@lipovitan.vn/video/7312671942253890834?is_from_webapp=1&sender_device=pc&web_id=7354350670441104912
uá»‘ng vÃ´ cÃ³ Ä‘c há»c sinh xuáº¥t sáº¯c ko áº¡ğŸ¥°,https://www.tiktok.com/@lipovitan.vn/video/7312671942253890834?is_from_webapp=1&sender_device=pc&web_id=7354350670441104912
Uá»‘ng xong bá»‹ khÃ¹ng luÃ´n cÆ°á»i trong khi ko ai chá»c :)),https://www.tiktok.com/@lipovitan.vn/video/7312671942253890834?is_from_webapp=1&sender_device=pc&web_id=7354350670441104912
bá»‘ e Ä‘i bÃ¡n ğŸ˜ nÃªn uá»‘ng nhiá»uğŸ˜…,https://www.tiktok.com/@lipovitan.vn/video/7312671942253890834?is_from_webapp=1&sender_device=pc&web_id=7354350670441104912
dá»Ÿ mÃ  quáº£ng cÃ¡o láº¯m,https://www.tiktok.com/@lipovitan.vn/video/7312671942253890834?is_from_webapp=1&sender_device=pc&web_id=7354350670441104912
XMAS2023,https://www.tiktok.com/@lipovitan.vn/video/7312671942253890834?is_from_webapp=1&sender_device=pc&web_id=7354350670441104912
@Trung Hiáº¿u Real Estate,https://www.tiktok.com/@lipovitan.vn/video/7312671942253890834?is_from_webapp=1&sender_device=pc&web_id=7354350670441104912
Ngon,https://www.tiktok.com/@lipovitan.vn/video/7312671942253890834?is_from_webapp=1&sender_device=pc&web_id=7354350670441104912
ğŸ¥°ğŸ¥°,https://www.tiktok.com/@lipovitan.vn/video/7312671942253890834?is_from_webapp=1&sender_device=pc&web_id=7354350670441104912
"ChÃºc táº¥t cáº£ anh chá»‹ em báº¡n bÃ¨ gáº§n xa má»™t nÄƒm má»›i bÃ¬nh an, váº¡n sá»± may máº¯n nhÃ©ğŸ€",https://www.tiktok.com/@lipovitan.vn/video/7312671942253890834?is_from_webapp=1&sender_device=pc&web_id=7354350670441104912
cÃ¡i nÃ y uá»‘ng ngon xÄ©u mÃ  mua thÃ¬ ra táº­n siÃªu thá»‹,https://www.tiktok.com/@lipovitan.vn/video/7312671942253890834?is_from_webapp=1&sender_device=pc&web_id=7354350670441104912
ğŸ˜‚ğŸ˜‚ğŸ˜‚,https://www.tiktok.com/@lipovitan.vn/video/7312671942253890834?is_from_webapp=1&sender_device=pc&web_id=7354350670441104912
uá»‘ng Ä‘áº¯ng Ä‘áº¯ng hÆ¡i khÃ³ uá»‘ng,https://www.tiktok.com/@lipovitan.vn/video/7312671942253890834?is_from_webapp=1&sender_device=pc&web_id=7354350670441104912
ğŸ˜³,https://www.tiktok.com/@lipovitan.vn/video/7312671942253890834?is_from_webapp=1&sender_device=pc&web_id=7354350670441104912
Trang nÃ y bÃ¡n nÆ°á»›c ah,https://www.tiktok.com/@lipovitan.vn/video/7312671942253890834?is_from_webapp=1&sender_device=pc&web_id=7354350670441104912
giáº£i hoÃ¡ dÃ¹m vs áº¡ khÃ³ quÃ¡ ğŸ¥º,https://www.tiktok.com/@lipovitan.vn/video/7312671942253890834?is_from_webapp=1&sender_device=pc&web_id=7354350670441104912
nÆ°á»›c nÃ y cáº£ xÃ£ tui ai cÅ©ng nghiá»‡n háº¿t,https://www.tiktok.com/@lipovitan.vn/video/7312671942253890834?is_from_webapp=1&sender_device=pc&web_id=7354350670441104912
nÆ°á»›c tÄƒng lá»±c dá»Ÿ nháº¥t tá»«ng uá»‘ng,https://www.tiktok.com/@lipovitan.vn/video/7312671942253890834?is_from_webapp=1&sender_device=pc&web_id=7354350670441104912
tui ghiá»n loáº¡i nuoc nÃ y .siÃªu Ä‘Ã£,https://www.tiktok.com/@lipovitan.vn/video/7312671942253890834?is_from_webapp=1&sender_device=pc&web_id=7354350670441104912
Nghe riáº¿t giá» nghiá»‡n luÃ´n bÃ i nÃ y,https://www.tiktok.com/@lipovitan.vn/video/7312671942253890834?is_from_webapp=1&sender_device=pc&web_id=7354350670441104912
[cry],https://www.tiktok.com/@lipovitan.vn/video/7312671942253890834?is_from_webapp=1&sender_device=pc&web_id=7354350670441104912
t uá»‘ng tháº¥y cÃ³ vá»‹ cÃ³ Ä‘áº­u phá»™ng ğŸ˜‚,https://www.tiktok.com/@lipovitan.vn/video/7312671942253890834?is_from_webapp=1&sender_device=pc&web_id=7354350670441104912
â¤ï¸,https://www.tiktok.com/@lipovitan.vn/video/7312671942253890834?is_from_webapp=1&sender_device=pc&web_id=7354350670441104912
nÃ y uá»‘ng cÅ©g ngon,https://www.tiktok.com/@lipovitan.vn/video/7312671942253890834?is_from_webapp=1&sender_device=pc&web_id=7354350670441104912
koğŸ˜Œ,https://www.tiktok.com/@lipovitan.vn/video/7312671942253890834?is_from_webapp=1&sender_device=pc&web_id=7354350670441104912
ğŸ¥°,https://www.tiktok.com/@lipovitan.vn/video/7312671942253890834?is_from_webapp=1&sender_device=pc&web_id=7354350670441104912
uá»‘ng cáº£ chá»¥c nÄƒm rá»“i,https://www.tiktok.com/@lipovitan.vn/video/7312671942253890834?is_from_webapp=1&sender_device=pc&web_id=7354350670441104912
ğŸ¥°ğŸ¥°ğŸ¥°,https://www.tiktok.com/@lipovitan.vn/video/7312671942253890834?is_from_webapp=1&sender_device=pc&web_id=7354350670441104912
tháº¥y uá»‘ng cÅ©ng Ä‘c,https://www.tiktok.com/@lipovitan.vn/video/7312671942253890834?is_from_webapp=1&sender_device=pc&web_id=7354350670441104912
ğŸ¥°,https://www.tiktok.com/@lipovitan.vn/video/7312671942253890834?is_from_webapp=1&sender_device=pc&web_id=7354350670441104912
@Nguyá»…n HoÃ i Chi nháº­t báº£n,https://www.tiktok.com/@lipovitan.vn/video/7312671942253890834?is_from_webapp=1&sender_device=pc&web_id=7354350670441104912
lm ajinomoto lÃ  uá»‘ng nÃ y ghiá»ng luÃ´n,https://www.tiktok.com/@lipovitan.vn/video/7312671942253890834?is_from_webapp=1&sender_device=pc&web_id=7354350670441104912
thuá»‘c mÃ  máº¥y ba mÃ¡ cá»© nÃ³i nhÆ° Ä‘á»“ uá»‘ng giáº£i khÃ¡t,https://www.tiktok.com/@lipovitan.vn/video/7312671942253890834?is_from_webapp=1&sender_device=pc&web_id=7354350670441104912
ğŸ¥°ğŸ¥°ğŸ¥°ğŸ¥°,https://www.tiktok.com/@lipovitan.vn/video/7312671942253890834?is_from_webapp=1&sender_device=pc&web_id=7354350670441104912
ğŸ˜‚,https://www.tiktok.com/@lipovitan.vn/video/7312671942253890834?is_from_webapp=1&sender_device=pc&web_id=7354350670441104912
Ä‘ang uá»‘ng,https://www.tiktok.com/@lipovitan.vn/video/7312671942253890834?is_from_webapp=1&sender_device=pc&web_id=7354350670441104912
ğŸ¥°,https://www.tiktok.com/@lipovitan.vn/video/7312671942253890834?is_from_webapp=1&sender_device=pc&web_id=7354350670441104912
ğŸ˜,https://www.tiktok.com/@lipovitan.vn/video/7312671942253890834?is_from_webapp=1&sender_device=pc&web_id=7354350670441104912
Ä‘Ã£ quÃ¡ Lipovitan Æ¡i,https://www.tiktok.com/@lipovitan.vn/video/7312671645771025672?is_from_webapp=1&sender_device=pc&web_id=7354350670441104912
ğŸ˜,https://www.tiktok.com/@lipovitan.vn/video/7286400441393433864?is_from_webapp=1&sender_device=pc&web_id=7354350670441104912
mua á»Ÿ Ä‘Ã¢u áº¡,https://www.tiktok.com/@lipovitan.vn/video/7286400294357847304?is_from_webapp=1&sender_device=pc&web_id=7354350670441104912
xin giÃ¡,https://www.tiktok.com/@lipovitan.vn/video/7286400225474841863?is_from_webapp=1&sender_device=pc&web_id=7354350670441104912
