,Time,Content,Like Num,Comment Num,Share Num,URL
0,2022-08-08,"MỚI -  NƯỚC TĂNG LỰC ĐẦU TIÊN CÓ CHIẾT XUẤT CÂY MẬT NHÂN
Mật nhân, còn có tên Tongkat Ali được xem là loại cây có nhiều chất dinh dưỡng và nhiều công dụng tốt cho sức khỏe. 
Một trong những tác dụng nổi bật của mật nhân là tăng cường cơ bắp, giảm căng thẳng và phục hồi sinh lực.
Tất cả công dụng trên đều có trong Lipovitan Tongkat Ali - Nước Tăng Lực Mật Nhân.
 Tuyệt vời quá phải không nào? Các bạn đã thử chưa?
-------------------------------------------------------------------------
Để biết thêm thông tin chi tiết, hãy liên hệ:
 HOTLINE: 1900 571 579 
WEBSITE: https://www.lipovitan.vn/
 EMAIL: cskh@taishovn.com
#Lipovitan #TongkatAli #MatNhan
#SinhLucDoiDao #ChinhPhucDinhCao 
 #NuocTangLuc #ThuongHieuNhatBan",23.0,6.0,4.0,https://www.facebook.com/Lipovitan.vn/posts/pfbid0pMrN8QGHQXYvtYJkeWqhHDGqpMguX5VVjvnDbjLrUBCRxDLUFGfDtyZtPD4xdSCXl?__cft__[0]=AZXU6wJfE5eX20MALdQ-ZdQiKjPlgJPqvBzlebbUPQnn57m9oEE-tAjoD4WIMTKFAHjmEmkzDyYSBVqLzdmo_hOw7MvVVqKdsBAq3qYiZLXr1DtKn_n1Rvsja-eTBf1nx52oSon5eNKk8Yv3GWLGtsEL71zYT1zfTzVjWbgZgaz1Uotxp_aZog5kn5Or_GmlART0YwiMrERLlbGXKWogjvtNcR2bny7WGNfCCxWGq1v_AQ&__tn__=%2CO%2CP-R
1,2022-08-08," SINH LỰC DỒI DÀO – CHINH PHỤC ĐỈNH CAO
Sau nhiều năm đồng hành cùng người tiêu dùng, mới đây, Lipovitan đã cho ra đời sản phẩm nước tăng lực hoàn toàn mới - LIPOVITAN TONGKAT ALI - Nước Tăng Lực Mật Nhân.
Ngoài tác dụng tăng lực nhanh, dòng sản phẩm này còn giúp phục hồi sinh lực nhanh chóng.
 Hãy thử và cảm nhận!!!!
-------------------------------------------------------------------------
Để biết thêm thông tin chi tiết, hãy liên hệ:
 HOTLINE: 1900 571 579 
WEBSITE: https://www.lipovitan.vn/
 EMAIL: cskh@taishovn.com
#Lipovitan #TongkatAli #MatNhan
#SinhLucDoiDao #ChinhPhucDinhCao 
 #NuocTangLuc #ThuongHieuNhatBan",502.0,38.0,17.0,https://www.facebook.com/Lipovitan.vn/posts/pfbid0eeyy9rMrbJZYzbikXTW4XCHTVa2xynfeKm75MsGabrQRzzZvwFm2Atk72Cg4Q1xFl?__cft__[0]=AZUljLd8bQbMkS7I4101dRzcASVvtO34qFvlHAkMooowFjbe-CxBpcX8265tVhBme2buUx7V97BUEUXrXR1tN1A4wiz4IGjUv45Y10cl2DYYvWb2Y_IRy1MD9Wxuai_8mceVkIqs8PRHK60QE20kCvxD7PL-YWzwHYmpATlxQRzESZkhB-2QU2VR-QXEAa7XyrGHPAINnJLkg5hcMnkUqIRh&__tn__=%2CO%2CP-R
2,2022-08-08," NẮNG CHÓI CHANG – TONGKAT ALI SẴN SÀNG
Vào những ngày thời tiết oi nóng hoặc cơ thể đang mệt mỏi phải thường xuyên làm việc dưới ánh nắng mặt trời hay thức đêm để làm việc, Lipovitan Tongkat Ali - Nước Tăng Lực Mật Nhân là sự lựa chọn tốt cho bạn.
Bên cạnh tác dụng hỗ trợ cung cấp nguồn năng lượng cho cơ thể, Lipovitan Tongkat Ali còn giúp người dùng xua tan căng thẳng, mệt mỏi giúp tinh thần tỉnh táo nhanh.
 Thử đi chờ chi!
-------------------------------------------------------------------------
Để biết thêm thông tin chi tiết, hãy liên hệ:
 HOTLINE: 1900 571 579 
WEBSITE: https://www.lipovitan.vn/
 EMAIL: cskh@taishovn.com
Mua sản phẩm tại: https://lipovitan.vn/ecommerce-lipovitan-mua-hang.../...
#Lipovitan #TongkatAli #MatNhan
#SinhLucDoiDao #ChinhPhucDinhCao 
#NuocTangLuc #ThuongHieuNhatBan",25.0,13.0,13.0,https://www.facebook.com/Lipovitan.vn/posts/pfbid0cHVFdvnhcQgqSjYJJ212xK3gYtPMcxE44knYzfg8Xt27thPjcmH7fTGYc9MbNHFPl?__cft__[0]=AZUoP3Utfrz7wF4afymtQkHU6IzuG4OLOkh_0YThWjkrOINEgOFCSb9jBHiG9ETiogyTYRIQtI-pIqd4Ywq5iSWvJk5GiF9BX4zNrfb7Koj1yQdhnFsI2-HlAnJnd-RV3mOOrln7t9g2bGQO9k7rneKlVsRWVkgkNCMYBqTxDdNvOR46N-XHd0etmv-e5TI9nn5WLlyzykG6JS9ONMLFyR8lD378qj_1w-Y7mRZG1pl1og&__tn__=%2CO%2CP-R
3,2022-08-16," Món Quà Từ “1 Lon Nước Nhỏ - 1 Cộng Đồng To”
Với quà tặng trị giá 600k/em học sinh, quà tặng từ Lipovitan sẽ có gì? Khám phá chi tiết dưới đây nhé:
1 Balo họa tiết đơn giản nhưng chất lượng xịn sò
10 Cuốn tập học sinh sử dụng loại giấy không hại mắt 
4 Cuốn sổ A5 nhỏ nhắn tiện dụng
1 Bóp viết rất ư là dễ thương
1 Cây viết chì 2B quen thuộc với trẻ nhỏ
1 Cái chuốt xinh xắn
1 Cục gôm 
1 Cây thước dẻo
1 Nón lưỡi trai hữu dụng cho ngày nắng
Mình cùng chung tay tạo nên tiếng cười trẻ thơ các bạn nhé!
-------------------------------------------------------------------------
Để biết thêm thông tin chi tiết, hãy liên hệ:
 HOTLINE: 1900 571 579 
WEBSITE: https://www.lipovitan.vn/
 EMAIL: cskh@taishovn.com
#LIPOVITAN #NuocTangLuc #1LonNuocNho1CongDongTo #MotLonNuocNhoMotCongDongTo",31.0,2.0,7.0,https://www.facebook.com/Lipovitan.vn/posts/pfbid0364zRQ37qMycaVasvzDkCpGw15gF84E9hHmEu4irmrsjGah2uxRqfsEo4XSXdAAKQl?__cft__[0]=AZUO1dnGFx3gJBrsxMY65ayZ4EHxE-R3CkHB3dClCrtW4bw2C8aYA_RLsH7r2ugnSM3eHeV7C9RHdPJgPV7ctZtKUq1gSJP_UY5zM3lSYNnidPsQbR5X3aY2QtK0wF624qogLHvmUPMXM7q7Nc1zRB_K8PgjkuEg1l-540KMoTSunjwkg8Flgu5ZqSBDHzGxltL6pi3GOpf0ElauuyVgVVgh&__tn__=%2CO%2CP-R
4,2022-08-22,"Một Sự Đóng Góp Bằng Vạn Điều Sẻ Chia
Đi học - là một điều hiển nhiên đối với đa số trẻ em thành phố. Tuy nhiên, đối với những học sinh vùng sâu vùng xa, để duy trì con chữ là cả một hành trình nhọc nhằn, khó khăn với nhiều nỗi “ưu phiền”.
 Với mỗi lon Lipovitan được bán ra, 100 đồng đã được đóng góp để mang lại những món quà ý nghĩa tiếp sức các em đến trường.
Sự đóng góp của bạn chính là món quà quý giá đối với các học sinh nghèo hiếu học 
Thời gian diễn ra chương trình: Từ 01/07/2022 – 30/09/2022
 Khu vực triển khai: Quảng Bình, Quảng Trị, Huế, Đà Nẵng – Quảng Nam, Khánh Hòa, Bình Thuận, Đồng Nai
-------------------------------------------------------------------------
Để biết thêm thông tin chi tiết, hãy liên hệ:
 HOTLINE: 1900 571 579 
WEBSITE: https://www.lipovitan.vn/
 EMAIL: cskh@taishovn.com
#LIPOVITAN #NuocTangLuc  
#1LonNuocNho1CongDongTo #MotLonNuocNhoMotCongDongTo",69.0,4.0,2.0,https://www.facebook.com/Lipovitan.vn/posts/pfbid0pCExSZr7iAzyHj4DemunbstunrSbpgiHnhqpr1daQNJ8H74TtdjYTQLQmPc59U6Pl?__cft__[0]=AZVOmIfe4bpj-V70TZRGfIkyYOuj7ITzbCskoSuo8y5Q6QaxsSHH0i9LHhdPTs--2qobjHmiS4kFRv44tpkKp0YteKnYx7HQElHiMmoqV4lpXrd_SOjJWRl9_FEeCzgk2PfVBlzv3ivuJYOlqQO42VQCQ5ZT1IfiWS0vQywGrPG-SanOlx5OHizo2wDXUY8EmDihRq-uuik6qKCJj6Cb_pYN&__tn__=%2CO%2CP-R
5,2022-08-22," Món Quà Từ “1 Lon Nước Nhỏ - 1 Cộng Đồng To”
Với quà tặng trị giá 600k/em học sinh, quà tặng từ Lipovitan sẽ có gì? Khám phá chi tiết dưới đây nhé:
 - 1 Balo họa tiết đơn giản nhưng chất lượng xịn sò
 - 10 Cuốn tập học sinh sử dụng loại giấy không hại mắt 
 - 4 Cuốn sổ A5 nhỏ nhắn tiện dụng
 - 1 Bóp viết rất ư là dễ thương
 - 1 Cây viết chì 2B quen thuộc với trẻ nhỏ
 - 1 Cái chuốt xinh xắn
 - 1 Cục gôm 
 - 1 Cây thước dẻo
 - 1 Nón lưỡi trai hữu dụng cho ngày nắng
Mình cùng chung tay tạo nên tiếng cười trẻ thơ các bạn nhé!
-------------------------------------------------------------------------
Để biết thêm thông tin chi tiết, hãy liên hệ:
 HOTLINE: 1900 571 579 
WEBSITE: https://www.lipovitan.vn/
 EMAIL: cskh@taishovn.com
#LIPOVITAN #NuocTangLuc  
#1LonNuocNho1CongDongTo #MotLonNuocNhoMotCongDongTo",175.0,11.0,2.0,https://www.facebook.com/Lipovitan.vn/posts/pfbid02P7nEDT2a6FqrPvP8aMC6Bw7UNT7x9FqHSgLWrwEM8RPWXCF2DGkuiALpCn3SmyqKl?__cft__[0]=AZUFpsTKHRB8RMlybhCnwhGa4SkrMiLZan90077ic8TqfwXsoyvqHLhghN_EQaXTltoahdJuuN8bGqJAFUAMJla_GXYJeTiqelLWFkuhWkNMr7RYOXMcGDdYfy8EM4QU21xPCGVHCqBr7Kb2B1Wg5v52CnQ3m3jFYBnsiIFOjSUw5yL9dgTYyJnIXir3RhLWPGRderpthH7kns6l8Zxo9elM&__tn__=%2CO%2CP-R
6,2022-08-22," Tạo Năng Lượng – Tiếp Sức Đến Trường
 Với niềm tin ""Một cây làm chẳng nên non. Ba cây chụm lại nên hòn núi cao"", chương trình ""1 Lon Nước Nhỏ, 1 Cộng Đồng To"" sẽ tạo thêm động lực cho các học sinh nghèo hiếu học. 
Mong rằng sự tiếp sức này sẽ là nguồn động viên giúp các em duy trì việc tiếp tục đến trường, để trở thành những công dân hữu ích cho gia đình và xã hội.
Thời gian diễn ra chương trình: Từ 01/07/2022 – 30/09/2022
 Khu vực triển khai: Quảng Bình, Quảng Trị, Huế, Đà Nẵng – Quảng Nam, Khánh Hòa, Bình Thuận, Đồng Nai
-------------------------------------------------------------------------
Để biết thêm thông tin chi tiết, hãy liên hệ:
 HOTLINE: 1900 571 579 
WEBSITE: https://www.lipovitan.vn/
 EMAIL: cskh@taishovn.com
#LIPOVITAN #NuocTangLuc  
#1LonNuocNho1CongDongTo #MotLonNuocNhoMotCongDongTo",91.0,11.0,5.0,https://www.facebook.com/Lipovitan.vn/posts/pfbid02HkXoDr2tEv5aTCfawb5Jxtk22gBDnzV19VRth7XpQmAmWLQEjyRweVTmCYTmLqvyl?__cft__[0]=AZV9yAZxjo-kN0NzA3__27xjg-8lGSnlk8rKolZl_Un3gf_nbuuDd20_ej2wRPHS0VfX701OYcI6V1937BB95Wpa2Nr4M1whlW2FQY6SXMQA4khAFDSgKFYLKcYTbW7MYK7B47HbcJYhb84wTZTLp59iSb_L_DmVHTdA7Z0mMxdtckfNcPkJ_cu6yP8wnkiFfdjkYmiwMEmPB1A1j0AgzkJgVRwq40q5QNac5zHx-nBKrQ&__tn__=%2CO%2CP-R
7,2022-08-22," Hành Trình Trao Giấc Mơ Đến Trường
Chương trình ""1 Lon Nước Nhỏ, 1 Cộng Đồng To"" đang nhận được sự ủng hộ nhiệt tình từ quý khách hàng thân thương 
 Hành trình trao quà tặng đến các em học sinh nghèo trải dài khắp các tỉnh thành: Quảng Bình, Quảng Trị, Huế, Đà Nẵng – Quảng Nam, Khánh Hòa, Bình Thuận, Đồng Nai.
Mỗi điểm dừng chân, Lipovitan sẽ gửi tặng 1 phần quà ý nghĩa – hỗ trợ công việc học tập của các em học sinh tại 1 số trường trên địa bàn các tỉnh trên.
Hãy theo dõi Lipovitan và chung tay tạo nên điều diệu kỳ nhé!
Thời gian diễn ra chương trình: Từ 01/07/2022 – 30/09/2022
-------------------------------------------------------------------------
Để biết thêm thông tin chi tiết, hãy liên hệ:
 HOTLINE: 1900 571 579 
WEBSITE: https://www.lipovitan.vn/
 EMAIL: cskh@taishovn.com
#LIPOVITAN #NuocTangLuc  
#1LonNuocNho1CongDongTo #MotLonNuocNhoMotCongDongTo",30.0,2.0,5.0,https://www.facebook.com/Lipovitan.vn/posts/pfbid02k1MfccRBav8JhKP3zrmy93q1TncBGtLp8R4Es69gbRU5iXyq8331Mz1hkmkNxjjvl?__cft__[0]=AZXo4UliEj5VcULe7YkPixMnb4WOP5yCNoBTgVDgMMLaJRpctsoMkHYLmlF5WRhYDHZNaF0kUhYezEy6J5DhPeQYg3OpcHlDZWSaqefBzswrrB0lYxM20hi0-d5Wy78LzYbpck7CZyc81TQI-LGrgF8M-5FsuT_goMJ0MFHkoTnOjAmKLmi1Xq7m39JJmrUu5MQ0Y2aRVQpaqfTPH_9i9FCwKM3taiBniQppBMgiT44Mqw&__tn__=%2CO%2CP-R
8,2022-09-06," Tongkat Ali Và Những Công Dụng Bạn Không Thể Bỏ Qua
Dưới góc nhìn khoa học, cùng điểm nhanh những công dụng mà Lipovitan Tongkat Ali  - Nước Tăng Lực Mật Nhân mang lại:
 Phục hồi sinh lực
 Bổ sung năng lượng nhanh chóng
 Tăng sự tỉnh táo, tập trung
 Hỗ trợ chu trình chuyển hóa năng lượng
 Hãy cho chúng tôi biết cảm nhận của bạn nhé!
-------------------------------------------------------------------------
Để biết thêm thông tin chi tiết, hãy liên hệ:
 HOTLINE: 1900 571 579 
WEBSITE: https://www.lipovitan.vn/
 EMAIL: cskh@taishovn.com
Mua sản phẩm tại: https://lipovitan.vn/ecommerce-lipovitan-mua-hang.../...
#Lipovitan #TongkatAli #MatNhan
#SinhLucDoiDao #ChinhPhucDinhCao 
#NuocTangLuc #ThuongHieuNhatBan",12.0,4.0,8.0,https://www.facebook.com/Lipovitan.vn/posts/pfbid02it3phR5xRJz9PtuCkdQWqmow37YuFFNCLBJ7VZaVo7E8LH98qMWhdHfTqcgsvY4pl?__cft__[0]=AZW6Ns3p53Yq5HxTVeuGS6pEgJCq9RFgFa3c5MRvxjTXD8HGFLQnM4jAWtmL6-wy2KJFTsk3mMafn87WFsj-0nVPggGWP8WMJ_jIzmdSSELoZvaHnCBCtZW3QQqjwWyQQZ8xnU0wzpL-_rCa6wMa6yqiud18ghRjK2YMJEKwH56Kipv63btnu23eftedJd2cA4bHRI63AV0_WBEgjjI2fvHtleH9o9YdScsrSjq4OApr0A&__tn__=%2CO%2CP-R
9,2022-09-06," Bạn Có Biết Đến Loại Nước Tăng Lực làm từ mật nhân chưa?
Bí quyết khiến Lipovitan Tongkat Ali được người dùng ưu ái vì đây là sản phẩm nước tăng lực duy nhất chứa chiết xuất mật nhân, giúp phục hồi sinh lực nhanh chóng.
Nước tăng lực Mật Nhân cung cấp nguyên liệu chính cho việc kích hoạt chu trình chuyển hóa năng lượng trong cơ thể nhanh hơn. 
Quá nhiều điều tuyệt vời chỉ có trong Lipovitan Tongkat Ali - Nước Tăng Lực Mật Nhân.
 Bạn hãy thử và cho chúng mình biết cảm nhận nhé!
-------------------------------------------------------------------------
Để biết thêm thông tin chi tiết, hãy liên hệ:
 HOTLINE: 1900 571 579 
WEBSITE: https://www.lipovitan.vn/
 EMAIL: cskh@taishovn.com
Mua sản phẩm tại: https://lipovitan.vn/ecommerce-lipovitan-mua-hang.../...
#Lipovitan #TongkatAli #MatNhan
#SinhLucDoiDao #ChinhPhucDinhCao 
#NuocTangLuc #ThuongHieuNhatBan",23.0,2.0,9.0,https://www.facebook.com/Lipovitan.vn/posts/pfbid02jPD5LmEt8hFfNRbybZf1WRquMiu28FtmobM2UTKRZdCvks96iXTN2VwPq5TVCpRhl?__cft__[0]=AZVfSeumWs4letW9M5UJ2g1upbhEiPmJqUzf7XkArXgw2HMAoUlnGZ1nSv10PHe2TmFNebb1eyJTbukXcEVhbMhCQWgSe7e0UyZva_6hdQTeKlwsQDQpDgmDEpmFwYfPaAswczPqbf1EyqMdo1FLTnRcMt7aRP9YCUfeja7CcVaQHHH2iXf8AEOuWjAOaRlqQ_qYh__mJccMN3h6M6jIv247-BQ8luHljAWlNk8jLZKOYQ&__tn__=%2CO%2CP-R
10,2022-09-06," Thương Hiệu Nhật – Chất Lượng Thật
Lipovitan Tongkat Ali- Nước Tăng Lực Mật Nhân tự hào là sản phẩm mang thương hiệu Nhật – được sản xuất với dây chuyền khép kín, quy trình quản lý chất lượng nghiêm ngặt, giữ trọn vẹn vị thơm ngon của sản phẩm.
 Bật Nắp Tongkat Ali ngay thôi nào!!!
-------------------------------------------------------------------------
Để biết thêm thông tin chi tiết, hãy liên hệ:
 HOTLINE: 1900 571 579 
WEBSITE: https://www.lipovitan.vn/
 EMAIL: cskh@taishovn.com
Mua sản phẩm tại: https://lipovitan.vn/ecommerce-lipovitan-mua-hang.../...
#Lipovitan #TongkatAli #MatNhan
#SinhLucDoiDao #ChinhPhucDinhCao 
#NuocTangLuc #ThuongHieuNhatBan",174.0,10.0,9.0,https://www.facebook.com/Lipovitan.vn/posts/pfbid0n7nMD2NhijT2Mnn6rsh8vs9Ncdix6rQ41iLByJZMEb6YLsGTdyu66j7VBxjQEiXel?__cft__[0]=AZXnpao4lbEa-ozglhfXtLW4zwAriubvj0buSmehBDpepUTsOiE9vP0JSTKMhtOjE7VCcWniL1mUrWHuh11lkIQclm3LPeaTwCeFxago4JHVg9TMCZtkU35Xq-E1IDFikKAh_gGqb6pUnJHyf_ImgmPYRlYF6QTrrlhEKAMC0uBLFHzpeViKMevqGS64v12cKe6dDL9uR4VhOEGJ5OYV8SRZ&__tn__=%2CO%2CP-R
11,2022-09-06," Tongkat Ali – Ngon Mê Ly!
Uống chỉ 1 ngụm là thấy mê cả người…
Chính xác đó là cảm giác khi bạn thưởng thức lon Lipovitan Tongkat Ali- Nước Tăng Lực Mật Nhân
 Hãy thử và cảm nhận!!!!
-------------------------------------------------------------------------
Để biết thêm thông tin chi tiết, hãy liên hệ:
 HOTLINE: 1900 571 579 
WEBSITE: https://www.lipovitan.vn/
 EMAIL: cskh@taishovn.com
Mua sản phẩm tại: https://lipovitan.vn/ecommerce-lipovitan-mua-hang.../...
#Lipovitan #TongkatAli #MatNhan
#SinhLucDoiDao #ChinhPhucDinhCao 
#NuocTangLuc #ThuongHieuNhatBan",278.0,6.0,5.0,https://www.facebook.com/Lipovitan.vn/posts/pfbid02nEShXQ9tks53KRUatUc2EhBr8ngbmsyNz9xMHMjQGbeWeoc3MYryAWRzMVdkw5pPl?__cft__[0]=AZUv1clqh2bhAhDo00PDRHDdeYKi8qskM5rx1vllRzvD8Jkr2vtoQ8WvNS52U8m4Hc1vnUy2vGyBVXFPzLVyS_rDnYu3NlmLe6olrM4NKvGkNHfNyJm9fYmFxpjEJ8YZBLFwKIyBAf9Y1Xk0BMeFq9U08nyeNfveUPEfUpcuzP1hh3vIQMA2ftGVjsZHUdcjdDSqyfYNos5X1mvn5ynzgV5D&__tn__=%2CO%2CP-R
12,2022-09-14,"Tiếp Thêm Năng Lượng - Vững Bước Đến Trường
Mong rằng những món quà là dụng cụ học tập từ Lipovitan sẽ tiếp thêm năng lượng cho các em học sinh hiếu học có hoàn cảnh khó khăn vượt qua hoàn cảnh khó khăn, tự tin vững bước đến trường và luôn học giỏi, chăm ngoan 
 Hãy cùng Lipovitan tạo nên nhiều điều diệu kỳ cho các em nhé 
Thời gian diễn ra chương trình: Từ 01/07/2022 – 30/09/2022
 Khu vực triển khai: Quảng Bình, Quảng Trị, Huế, Đà Nẵng – Quảng Nam, Khánh Hòa, Bình Thuận, Đồng Nai
-------------------------------------------------------------------------
Để biết thêm thông tin chi tiết, hãy liên hệ:
 HOTLINE: 1900 571 579 
WEBSITE: https://www.lipovitan.vn/
 EMAIL: cskh@taishovn.com
#LIPOVITAN #NuocTangLuc  
#1LonNuocNho1CongDongTo #MotLonNuocNhoMotCongDongTo",37.0,2.0,2.0,https://www.facebook.com/Lipovitan.vn/posts/pfbid0xWjPfxGRFM3BC4iE2xSNnr2zhARv5BX2vvXE1TjtmgmRGY6MNSqNC9b6ZsKJHwVyl?__cft__[0]=AZXUrYy1J7P9mO6bLLEoAe2s7R-hbMf_EwWxCM80bFw85GL25UvOWeQHw3BJps9Ge0iGfnJ4IUgGzFSfZc4B8CqLqxMuCgfeuOCPOakbYqTQYMN3m9J6s7SjSdrz27nBrxsg9-fGgSjWWstNBl4bXIv0DMxmptNUqKkSUThB2-SunfViz_uijjt1daMoDSion-PvRPjMziD-yYILPM7R7HM2&__tn__=%2CO%2CP-R
13,2022-09-28," Tiếp Thêm Sinh Lực – Dẫn Lối Thành Công
Tinh thần luôn tỉnh táo, tràn đầy năng lượng là yếu tố cần thiết cho mọi sự thành công của bạn.
Hãy để Lipovitan Tongkat Ali - Nước Tăng Lực Mật Nhân dẫn lối bạn chinh phục những thành công cuộc sống ️
-------------------------------------------------------------------------
Để biết thêm thông tin chi tiết, hãy liên hệ:
 HOTLINE: 1900 571 579 
WEBSITE: https://www.lipovitan.vn/
 EMAIL: cskh@taishovn.com
Mua sản phẩm tại: https://lipovitan.vn/ecommerce-lipovitan-mua-hang.../...
#Lipovitan #TongkatAli #MatNhan
#SinhLucDoiDao #ChinhPhucDinhCao 
#NuocTangLuc #ThuongHieuNhatBan",23.0,3.0,4.0,https://www.facebook.com/Lipovitan.vn/posts/pfbid025HtVCnxBDUHVNmUaQBXQhfAXcY77nwRhSHLQqn1jfrmv3NEtrx7DsiQwjjY94Hcxl?__cft__[0]=AZWPJ62V7nuHMpcS9l3C0T3lonwj8iyN5cmwIYS4enO1Sr5GTPf1Yo0UvcK9f8Hnpay_U7F54X_6mWeNjrrbOHIbQe04jmp56KDasKjkmAvyjSfhn-g-Ly-S16Dd63FoHFWUvGy6q8rNsSOgfYImkG36qEUfHX-_Ux8OwGfwOVWaXAGNQBbJYNVdi8Ah7160qMlGLYS2uea3TtNhDv2FRC--aHpOwK7doyFRuocscl474w&__tn__=%2CO%2CP-R
14,2022-09-28," Đi Dọc Đất Nước – Nhớ Dừng Bước Nạp Tongkat Ali
Để chống lại cơn buồn ngủ, phượt thủ thường uống nước tăng lực để tăng cường tỉnh táo, phục hồi năng lượng.
Đừng quên thử ngay Lipovitan Tongkat Ali– Nước tăng lực tốt cho sức khỏe!
-------------------------------------------------------------------------
Để biết thêm thông tin chi tiết, hãy liên hệ:
 HOTLINE: 1900 571 579 
WEBSITE: https://www.lipovitan.vn/
 EMAIL: cskh@taishovn.com
Mua sản phẩm tại: https://lipovitan.vn/ecommerce-lipovitan-mua-hang.../...
#Lipovitan #TongkatAli #MatNhan
#SinhLucDoiDao #ChinhPhucDinhCao 
#NuocTangLuc #ThuongHieuNhatBan",20.0,1.0,1.0,https://www.facebook.com/Lipovitan.vn/posts/pfbid0DtekWN5xg3erP42D4bx3eCUqEz99pKkdZXugRGUe11HBKSQvSVwghsLjeUnHyxCrl?__cft__[0]=AZUA4NCOzYoWU9R-lYh0m_dyadpey9DQME1ESvSwOUTPBAXADn4KQJq8aCwEkJRZ8KPIa1fOz57JetaNbPrirhROSF3WebYzUZolXeButNi48kUChbvZzYn96MEoIV_0pbTQEJuTYX_nmdoEAxmAQw2AGstEjHmePOrhi2SKrlstEO8errG2SGy2p6bWLO_lWq0IL80wtp3xba3-vlb5zop_8tWPPGsZhKoxsKZDeeI4CQ&__tn__=%2CO%2CP-R
15,2022-10-04,"[Minigame]| Điền Vào Ô Trống - Nhận Quà Phút Chốc
Bà con cô bác nhanh “quẹo” vào đây tham gia ngay Minigame dưới đây để có cơ hội rinh ngay quà tặng hấp dẫn:
 Quà tặng: 1 Bình Nước Lipovitan
 Dành cho 3 khách hàng may mắn!!!!
Tham gia với 3 bước đơn giản: 
1. Like Fanpage & Like bài post minigame này
2. Comment đáp án + chọn số may mắn từ 0-999
3. Tag 1 người bạn mời tham gia cùng và hashtag #Tongkat_Ali 
Ví dụ: Đáp án là: Nước tăng lực Tongkat Ali + Số may mắn 99 + Tag 1 người bạn + #Tongkat_Ali 
==> Gợi ý: đáp án chính là câu khẩu hiệu của nước tăng lực Tongkat Ali
Người trúng thưởng sẽ là thực hiện 3 bước trên đầy đủ + Có thêm sự may mắn nữa nhé!
Hệ thống chọn người trúng giải của BTC sẽ quay số + tên tài khoản Facebook đã thực hiện đầy đủ 3 bước trên. Admin sẽ công bố người trúng giải thỏa mãn 2 điều kiện “đúng tên tài khoản Facebook & số may mắn” được hệ thống lựa chọn.
Ngày kết thúc MINIGAME: 23h59 phút ngày 31/10/2022
Ngày công bố kết quả vào 04/11/2022 tại Fanpage “Nước Tăng Lực Lipovitan”
Chúc các bạn may mắn! ️
-------------------------------------------------------------------------
Để biết thêm thông tin chi tiết, hãy liên hệ:
 HOTLINE: 1900 571 579 
WEBSITE: https://www.lipovitan.vn/
 EMAIL: cskh@taishovn.com
#Lipovitan #TongkatAli #SamMatNhan
#SinhLucDoiDao #ChinhPhucDinhCao 
#Moi  #NuocTangLuc #ThuongHieuNhatBan",26.0,18.0,11.0,https://www.facebook.com/Lipovitan.vn/posts/pfbid02WdCc2FWufHaHdjbgh3uh9E41RJ34JN8CtWJyW2v9teDf9SwUmoT6oNu2iJ5a16Uvl?__cft__[0]=AZVht-DlzlPzXKwbLm7s0MLcl8Q1atiqj0AiITOp7U1kjU5QQyiLtN7PuVGtTaw7FPbagXK7g-CymP1JaiMckx4Utjiccp1W9R1J4mvJZpMANvH-kfDC8y4yO7lFFw4k6S85Qt1PpxT1eTalqD9ev1xXs-resCdIhEZ3wpkJCXwR7yHezFJQGBPw0_9ogBGYBFiOLtjfb1TPWhm7tjmMBTw6&__tn__=%2CO%2CP-R
16,2022-10-04," Một Hành Trình Kết Thúc – Một Tương Lai Bắt Đầu
Với “1 Lon Nước Nhỏ - 1 Cộng Đồng To”, Lipovitan đã vượt qua những chặng đường gian khó, đánh dấu những cột mốc khó quên, dù nhỏ bé nhưng vô cùng ý nghĩa, thiết thực. Và chúng tôi tin rằng dù chỉ với 1 lon nước nhưng với sự chung tay góp sức của cộng đồng sẽ tạo nên những điều to lớn. 
Thời gian diễn ra chương trình: Từ 01/07/2022 – 30/09/2022
 Khu vực triển khai: Quảng Bình, Quảng Trị, Huế, Đà Nẵng – Quảng Nam, Khánh Hòa, Bình Thuận, Đồng Nai
-------------------------------------------------------------------------
Để biết thêm thông tin chi tiết, hãy liên hệ:
 HOTLINE: 1900 571 579 
WEBSITE: https://www.lipovitan.vn/
 EMAIL: cskh@taishovn.com
#LIPOVITAN #NuocTangLuc  
#1LonNuocNho1CongDongTo #MotLonNuocNhoMotCongDongTo",79.0,8.0,33.0,https://www.facebook.com/Lipovitan.vn/posts/pfbid02uVEKUH9XmNEVdL3UUZJxFRR98qnPPTGfsEe9Di4o9PK5iRUAJ9JK4t6erwtuQzWMl?__cft__[0]=AZXAmGg1LglpqrhAH7tBbofnhsSKH5ZKEGjITMyyYOXGxkCJOH24NHbPHi6-MsXWwH7H_8RBYuoLtNC-dex7fLPR7j39UiUvX8roaAk7bB5nV-6g0IVCkby-5R7anZgKX7Z_ZTRIqNdpfHPjilNzOPQQ0Ax20jf23Jemn9A7KNSA5ATMAsAFlgEdfUGP5IvXcnBfNMZ1DUeTb91FVSyo1uVNO32NNB9MiidnENnm3Z1nWg&__tn__=%2CO%2CP-R
17,2022-10-04," “Con Sẽ Cố Gắng Học Thật Giỏi”
Đó là lời hứa của các em học sinh trong chương trình “1 Lon Nước Nhỏ - 1 Cộng Đồng To”
Lipovitan mong rằng các em học sinh sẽ luôn giữ vững tinh thần, siêng năng đến trường, vượt qua khó khăn để tiếp tục hành trình chinh phục con chữ của mình.
Hãy cùng món quà từ Lipovitan viết tiếp giấc mơ đến trường của các em nhé 
Thời gian diễn ra chương trình: Từ 01/07/2022 – 30/09/2022
 Khu vực triển khai: Quảng Bình, Quảng Trị, Huế, Đà Nẵng – Quảng Nam, Khánh Hòa, Bình Thuận, Đồng Nai
-------------------------------------------------------------------------
Để biết thêm thông tin chi tiết, hãy liên hệ:
 HOTLINE: 1900 571 579 
WEBSITE: https://www.lipovitan.vn/
 EMAIL: cskh@taishovn.com
#LIPOVITAN #NuocTangLuc  
#1LonNuocNho1CongDongTo #MotLonNuocNhoMotCongDongTo",75.0,16.0,16.0,https://www.facebook.com/Lipovitan.vn/posts/pfbid02jT95gpmfiWymLHkLHeNX2aVzMtBrQ9za2Wuw2RgwjA9u9tLbwPuQWvs4m4UtPabGl?__cft__[0]=AZWxuvqQrfTyreT4_B6ewrxlLDU02Vu7aT8EF2e_R1BTtogqtpxOG4a9p_tesmPrTPIv44btkm7ivX5vEdcs2bo07RYVdGqQOJ1N1wrvLoNtGH-LQ8nBqaH5tPCpUOB-L_c6VvQybZZuk4dvg4MYdTHQFCZfw9jriMHtRS2aIa7hWGUTHLWRt0HPe6DBuRhwxVvJAhKT2-usWR-hnU96p91zEv3wo7vFu-yH2XxJxBiyXQ&__tn__=%2CO%2CP-R
18,2022-10-04," Bổ Sung Tongkat Ali – Đánh Tung Mệt Mỏi Tức Thì
Tìm đâu xa 1 thức uống vừa thơm ngon vừa an toàn, lại còn nhiều dưỡng chất giúp cơ thể:
     - Giảm căng thẳng
     - Tăng cường sinh lực
     - Tỉnh táo tức thì
     - Hỗ trợ chu trình chuyển hóa năng lượng
Tất cả chỉ có trong Lipovitan Tongkat Ali  - Nước Tăng Lực Mật Nhân 
 Thử rồi sẽ biết nè!!!
-------------------------------------------------------------------------
Để biết thêm thông tin chi tiết, hãy liên hệ:
 HOTLINE: 1900 571 579 
WEBSITE: https://www.lipovitan.vn/
 EMAIL: cskh@taishovn.com
Mua sản phẩm tại: https://lipovitan.vn/ecommerce-lipovitan-mua-hang.../...
#Lipovitan #TongkatAli #MatNhan
#SinhLucDoiDao #ChinhPhucDinhCao 
#NuocTangLuc #ThuongHieuNhatBan",22.0,1.0,1.0,https://www.facebook.com/Lipovitan.vn/posts/pfbid02oGjAqGmVDSyDFJhj81H1V9EEY8CsL1aNFKaxY8AWNUtCAtbJRDBvi2XtnCGkmd6tl?__cft__[0]=AZUvnBKKyJm7iYYDO9aLd_ItoDL0dAg3mpO5NXxKM3GqPCr9YOgqvyus0YEo_235EUjg6LlzXp5jUpvtvQ0W3cMhhYTeCURO7VuCEdyp7rCHZbfVm7rAUYnIKlAkNCJdqRw7nz_Uxy5XFW76GeIIXLe5UMilLYmnpFZEYkJbw4jrQBvNiqF0VuiR3WkPH7nt8Gsbygl4fS9UdXECL74h_z5B&__tn__=%2CO%2CP-R
19,2022-10-04," Kết Thúc Hành Trình “1 Lon Nước Nhỏ - 1 Cộng Đồng To”
Sau 3 tháng lăn bánh, chuyến xe năng lượng “1 Lon Nước Nhỏ - 1 Cộng Đồng To” đã đến điểm kết thúc. Lipovitan hạnh phúc khi trao gửi động lực giúp các em học sinh có hoàn cảnh khó khăn vững bước trên con đường học vấn của mình.
Hơn 4,800 phần quà đã được gửi tặng các trường Tiểu Học tại 8 tỉnh/thành trên Toàn Quốc
Thời gian diễn ra chương trình: Từ 01/07/2022 – 30/09/2022
 Khu vực triển khai: Quảng Bình, Quảng Trị, Huế, Đà Nẵng – Quảng Nam, Khánh Hòa, Bình Thuận, Đồng Nai
-------------------------------------------------------------------------
Để biết thêm thông tin chi tiết, hãy liên hệ:
 HOTLINE: 1900 571 579 
WEBSITE: https://www.lipovitan.vn/
 EMAIL: cskh@taishovn.com
#LIPOVITAN #NuocTangLuc  
#1LonNuocNho1CongDongTo #MotLonNuocNhoMotCongDongTo",338.0,7.0,4.0,https://www.facebook.com/Lipovitan.vn/posts/pfbid02JzifpaGp3tsVWJDn2TefcDiVbA2T9aJQVTEe5frPNDzwyzGJ5HWGEPP6TkzdxCivl?__cft__[0]=AZWsXLJDNPkA66o1Aea-0XDBEvY8nsGM4t6Zdgw2i8niCk8MLs2ND__ZhcW38mvPfIYb5ODTkpXQhc4tNAxgIn5xrolaDzLw0qe55mdBn7OHHPgY27HrnQaDM2j36kTzJFnEgbvLen6JF5jlCGUfglUVXc-sTKS4OiZrDBGuhBJtUxLp46Htc7bx-FbU2vkFfiOth9vWjowei_Ae8CtqcVOD&__tn__=%2CO%2CP-R
20,2022-10-04," Nạp Dưỡng Chất – Bật Năng Lượng
Chỉ với 1 lon Lipovitan Tongkat Ali  - Nước Tăng Lực Mật Nhân bạn đã nạp vào cơ thể nhiều dưỡng chất hỗ trợ chu trình chuyển hóa năng lượng như Taurine, Inositol và các nhóm Vitamin B. 
Cùng với vị thơm ngon từ Mật Nhân sẽ khiến tinh thần bạn sảng khoái tức thì và đập tan ngay cơn buồn ngủ 
 Không thử là tiếc lắm nha!!!
-------------------------------------------------------------------------
Để biết thêm thông tin chi tiết, hãy liên hệ:
 HOTLINE: 1900 571 579 
WEBSITE: https://www.lipovitan.vn/
 EMAIL: cskh@taishovn.com
Mua sản phẩm tại: https://lipovitan.vn/ecommerce-lipovitan-mua-hang.../...
#Lipovitan #TongkatAli #MatNhan
#SinhLucDoiDao #ChinhPhucDinhCao 
#NuocTangLuc #ThuongHieuNhatBan",615.0,54.0,1.0,https://www.facebook.com/Lipovitan.vn/posts/pfbid02B5ASQyzHK7Zhcqz28ohRhxceS1uWp9qiXNNMdSEbCRuWgu74w5Gs5ra6T2E61cL6l?__cft__[0]=AZWu4WJo7b_OF_4Hv5YTsXvdXo1I-MTvgDX-d0lFMa-YreQRKhYsWF8THF0Sa1Ci1_xXSXW8ee1q2bdLTcG2KLIkbviDlA946gsa2o869WP1e83YUFbLDfQS0OZm1GsT5HmcA_5FmDGog1HkHrPlV20CkdjUmeZBZUmzGXUl1v1jCJRAxubOJ-g2oYPi62Hzrxlg9Pq5_9kuo5G8OpBy1fLI&__tn__=%2CO%2CP-R
21,2022-10-06," Bổ Sung Tongkat Ali – Đánh Tung Mệt Mỏi Tức Thì
Tìm đâu xa 1 thức uống vừa thơm ngon vừa an toàn, lại còn nhiều dưỡng chất giúp cơ thể:
     - Giảm căng thẳng
     - Tăng cường sinh lực
     - Tỉnh táo tức thì
     - Hỗ trợ chu trình chuyển hóa năng lượng
Tất cả chỉ có trong Lipovitan Tongkat Ali  - Nước Tăng Lực Mật Nhân 
 Thử rồi sẽ biết nè!!!
-------------------------------------------------------------------------
Để biết thêm thông tin chi tiết, hãy liên hệ:
 HOTLINE: 1900 571 579 
WEBSITE: https://www.lipovitan.vn/
 EMAIL: cskh@taishovn.com
Mua sản phẩm tại: https://lipovitan.vn/ecommerce-lipovitan-mua-hang.../...
#Lipovitan #TongkatAli #MatNhan
#SinhLucDoiDao #ChinhPhucDinhCao 
#NuocTangLuc #ThuongHieuNhatBan",519.0,12.0,11.0,https://www.facebook.com/Lipovitan.vn/posts/pfbid02NBW7XVHUrMjd2t52WAFuGaoZNvr2LFuK4CtWrrq45LdL1ph3uTXjoUCub9SDGQWHl?__cft__[0]=AZWADcfbT8V1mfi83XVxdUsjylandzFuBOXnGbq4Y5DEsvJyGIMNo_jaAym96VEyyv_oJvwCxE7fF9Jgmt-Jk2KrWnlK70-oOBopRlZMbqwxYEeMv_dULhMT_9I997Qme-t2Pl8HK9ct3lKBY_2dCmqh4o5uatI4JCgURY8HbcduipgR2ix6uoEdHlZQ9-OTEvcPY011tuOyYNkNDrpyhCk5&__tn__=%2CO%2CP-R
22,2022-11-22,"Lipovitan –Tết Tràn Năng Lượng
Một năm mới sắp đến, chắc chắn sẽ mang đến nhiều điều thú vị và mới mẻ đang chờ mỗi chúng ta ở phía trước.
Lipovitan tin rằng – với sản phẩm chất lượng mà mình mang đến cho mọi gia đình, Lipovitan sẽ là người bạn đồng hành cùng cả nhà trên con đường bước vào một năm mới tươi sáng, đủ đầy và hạnh phúc!
Uống Lipovitan cho năng lượng ngập tràn để đón chào một năm mới đang đợi ta phía trước thôi cả nhà ơi!!!
-------------------------------------------------------------------------
Để biết thêm thông tin chi tiết, hãy liên hệ:
 HOTLINE: 1900 571 579 
WEBSITE: https://www.lipovitan.vn/ 
 EMAIL : cskh@taishovn.com 
 FACEBOOK: https://www.facebook.com/Lipovitan.vn #LIPOVITAN #Lipovitan #NuocTangLucLipovitan #ThuongHieuNhatBan #Tetlanha #Tettrannangluong",64.0,7.0,35.0,https://www.facebook.com/Lipovitan.vn/posts/pfbid0h3MPAdcJqRVB5dsgUT5wqcaEpRKCTEQGFHJXLKHSoTqoQ6EwuucYrsKYjJ8R6jeCl?__cft__[0]=AZUlgccd9q-10HFK3ex63CVqefm3Dv-Pg7vGSsTF-tR6ftDXU-IHXR7XU7WVbSVj9C1zAsijyc2V3f2K0VS0ikhIywz4pFFloKhyecgG27r5vMTvh8zDrrMID7YtJh8j1ospev-O2PODStB69XucK-scVcO3I0q8vZBkMJZj-Y4cOv2Ev-uR0D84_RvM7PD5rv8OvMlGi6HJbs29EbiYuQYhNiaSvFMfDmCqyatLGiZ20w&__tn__=%2CO%2CP-R
23,2022-11-22,"Lipovitan – Cho Cá Đầy Khoang – Tết Tràn Năng Lượng
Một năm mới sắp đến, Lipovitan có đôi lời chúc ý nghĩa muốn gửi gắm đến bà con nơi xứ biển, mong sao năm tới sẽ là năm của những mẻ cá đầy ắp, của nặng trĩu lưới chài để năm 2023 sẽ là một năm thật ấm no, hạnh phúc!
Uống Lipovitan cho năng lượng ngập tràn rồi kéo mẻ cá đầy thôi bà con ngư dân ơi!!!
Lipovitan - Tết Tràn Năng Lượng
-------------------------------------------------------------------------
Để biết thêm thông tin chi tiết, hãy liên hệ:
 HOTLINE: 1900 571 579 
WEBSITE: https://www.lipovitan.vn/ 
 EMAIL : cskh@taishovn.com 
 FACEBOOK: https://www.facebook.com/Lipovitan.vn #LIPOVITAN #Lipovitan #NuocTangLucLipovitan #ThuongHieuNhatBan #Tetlanha #Tettrannangluong",246.0,15.0,6.0,https://www.facebook.com/Lipovitan.vn/posts/pfbid029QQKpBerwCzfNN3dxmKjjQ3n96enuPiUR8eucUPvjctUByC42kiGBYkrqWR9pBsDl?__cft__[0]=AZXFZWpQ8I6ENJNBU7Vx7s_NTwwegJ7v-sJCd0sJxmGd_6JeAriJpBrdY99Xg3HYHUOsUygguTdAoQ9he34La4e77Mg2c5bofNrcOzAdgQ5YNGOxjzSWDmKlgIx1jSZoDMiAZWq2SAI7JCw6YOhcjNjBHAAxh4CyoXkmeNqFH7dk27CGMAR7eBP1IyTLpotKdkTOYhs2RvR3P3v9UTZR4yxc&__tn__=%2CO%2CP-R
24,2022-11-22,"Lipovitan – Lúa Trổ Bạt Ngàn – Tết Tràn Năng Lượng
2022 sắp qua, 2023 sắp đến, Lipovitan mong sao năm tới là năm của những mầm non tươi tốt, của những mùa màng bội thu để bà con có một năm 2023 thật trọn vẹn, đủ đầy!
Uống Lipovitan cho năng lượng ngập tràn rồi cùng nhau ta đi thu hoạch những cánh đồng bạt ngàn lúa trổ thôi bà con nông dân ơi!!!
Lipovitan - Tết Tràn Năng Lượng
-------------------------------------------------------------------------
Để biết thêm thông tin chi tiết, hãy liên hệ:
 HOTLINE: 1900 571 579 
WEBSITE: https://www.lipovitan.vn/ 
 EMAIL : cskh@taishovn.com 
 FACEBOOK: https://www.facebook.com/Lipovitan.vn #LIPOVITAN #Lipovitan #NuocTangLucLipovitan #ThuongHieuNhatBan #Tetlanha#Tettrannangluong",202.0,6.0,4.0,https://www.facebook.com/Lipovitan.vn/posts/pfbid0L6AthYg2sCy4tenvAmYkdfDykSSYakHgRJvgxXjq9r3UrcqgwKiSAUAVsLP8y8h5l?__cft__[0]=AZV4dc2k74hy8aSOCkMfPjrWDj5cORecHltJP0o8BBzD4ihswvTiWf0VaMoSDfssamFTCrNUbVHMUuGn0oE2lNs-ZdgdEbOvH2EhIueOx-FDviu0F78zgvA9FqI1EENNr3TxThcfHiqLbEm9T8kqpCzbpLSjfac7AL3zUZWZ07cBLyvUqvED_OW5sAExqI4O0EfqlA9VJAUnKE0SOXpYO6pO&__tn__=%2CO%2CP-R
25,2022-11-22,"Lipovitan – Sức Căng Lực Tràn – Tết Tràn Năng Lượng
Tưng bừng đón xuân sang – Lipovitan xin chúc anh chị em người dân lao động: mong sao cả nhà luôn tràn đầy năng lượng, để đôi bàn tay thoăn thoát mãi dẻo dai, tâm trí luôn minh mẫn cho năm mới 2023 sẽ là một năm thật sung túc, thành công và hạnh phúc!
Uống Lipovitan cho năng lượng ngập tràn để công việc vẹn toàn thôi anh chị em ơi!!!
Lipovitan - Tết Tràn Năng Lượng
-------------------------------------------------------------------------
Để biết thêm thông tin chi tiết, hãy liên hệ:
 HOTLINE: 1900 571 579 
WEBSITE: https://www.lipovitan.vn/ 
 EMAIL : cskh@taishovn.com 
 FACEBOOK: https://www.facebook.com/Lipovitan.vn #LIPOVITAN #Lipovitan #NuocTangLucLipovitan #ThuongHieuNhatBan #Tetlanha #Tettrannangluong",287.0,35.0,17.0,https://www.facebook.com/Lipovitan.vn/posts/pfbid0ScasZ2UDWJcnsgtPnbFgsXGJVTjzNgVJroPgrCg5CHsAx5wQs56D8U3n8iYX4edKl?__cft__[0]=AZUo4YM0BchDTuHlD-x3t6lX7BVi_AnwXx1ryCq85_pfcgGWBAbrvHkPoBmhmSiMTbGbEvqKZ__i5frtlljxSWhbwwHSEkGEQt0FpXo0bOPrfFFeqdfrenOULVIYv4x27WZqlvlwwB5k4cnYWQDflcg0yvuUTy_E2dUWntdKRJ02qmHzzV2t2VRF3ur5VCRCIVx7kW-hfIIACXIpX8i0u4VA&__tn__=%2CO%2CP-R
26,2022-11-24,"  GÓP YÊU THƯƠNG CHO CHUYẾN XE NĂNG LƯỢNG 2023 LĂN BÁNH
Lại một năm nữa sắp đi qua, ai ai cũng mong ngóng trở về nhà. Tuy nhiên, ước mơ tưởng chừng như đơn giản ấy lại dần trở nên xa vời vì vì những khó khăn trong công việc làm ảnh hưởng đến đời sống của anh, chị em công nhân.
Với khao khát biến giấc mơ này thành hiện thực, Lipovitan phối hợp với Tỉnh đoàn Bình Dương hân hoan cho lăn bánh chương trình “Chuyến Xe Năng Lượng 2023”, nhằm san sẻ bớt nỗi lo lắng và gánh nặng chi phí cho các anh, chị em công nhân. Tuyệt vời hơn, mỗi chúng ta đều có thể giúp sức cho “Chuyến Xe Năng Lượng” đến được với nhiều người bằng cách thức cực kỳ đơn giản:
- Với mỗi lượt chia sẻ bài viết này từ Fanpage Lipovitan hoặc Fanpage Tuổi trẻ Bình Dương kèm hashtag #LipovitanTetLaNha, bạn sẽ đóng góp 20.000đ vào quỹ để mua vé xe về nhà cho công nhân.
- Thời gian áp dụng chương trình: 21/11/2022 – 31/12/2022
- Thời gian khởi hành: 15/01/2023 (tức 24 Tháng Chạp)
- Chuyến xe sẽ lăn bánh từ Bình Dương về các tỉnh:  Bình Định, Phú Yên, Quảng Ngãi, Quảng Nam, Cà Mau. 
Mỗi lượt chia sẻ, bạn sẽ góp phần biến ước mơ về nhà của biết bao người gần hơn với hiện thực. Đừng chần chừ nữa, hãy cùng Lipovitan “tiếp nhiên liệu” cho Chuyến Xe Năng Lượng 2023 mau mau lăn bánh các bạn nhé!
#LipovitanTetLaNha 
#chuyenxenangluong2023 
-------------------------------------------------------------------------
Để biết thêm thông tin chi tiết, hãy liên hệ:
 HOTLINE: 1900 571 579 
WEBSITE: https://www.lipovitan.vn/ 
 EMAIL : cskh@taishovn.com",59.0,12.0,93.0,https://www.facebook.com/Lipovitan.vn/posts/pfbid021PPPGTdbnDQ23qSjVxgnBffQCbsiwY2nkk7VHvqq9XnHTeug5FWQtTDdqRimKQBwl?__cft__[0]=AZUBqHCQOHp5dcPX33-hSXujGzI4nQxNkd7y7v0SHrLnYRkfayrT29OSMJyCM8JnbAasNLarNcWLHxLRsfb6SDjbuyu7bnKrtklixP6Dr5LngLrdFIqnKDINoTTX21HLINiq_SMjW00vA0jtknsBe_1uzEgHCIk6L29CGfv_k2Kk6E18cv-bAv3V6QS5pyI5H23pEljfPaEkhXGDy5m_RFc0&__tn__=%2CO%2CP-R
27,2022-11-27,"Tiếp Sức Năng Lượng | Chinh Phục Hành Trình
Nối Vòng Tay Lớn 2022 - Cam Ranh Biển Gọi 
Ôi nhìn các chiến thần bikers trên chiếc xe mô tô phân khối lớn cùng những lon nước tăng lực Lipovitan thật là ngầu quá đi 
Lipovitan rất vui khi đã tiếp thêm năng lượng cùng đoàn mô tô trải nghiệm các cung đường đẹp từ TP. Hồ Chí Minh – Cam Ranh 
#Lipovitan #ThuongHieuNhatBan #MotoTour
-------------------------------------------------------------------------
Để biết thêm thông tin chi tiết, hãy liên hệ:
 HOTLINE: 1900 571 579 
 WEBSITE: https://www.lipovitan.vn/ 
 EMAIL : cskh@taishovn.com",57.0,4.0,4.0,https://www.facebook.com/Lipovitan.vn/posts/pfbid026HmaeyKdQzLQbnSwkbjZFqTfQjD1vwqDfu8CJEwuHwUyjAEWSiD4MzzQApZg973rl?__cft__[0]=AZVJuAPZtzMCq8nZlzpNJ7fDRPSinJjBgLjjE6MHUSSRuz7cH9oYyGYyp_VNk1QPRVCflURAfo90I_1XMSDgAYd5uqOBXzT1GjA76Z3xyFj5zf-hUXYcNvL8Kv3WstI3VAIBw7Lr0aeFkMXA4DHXQh--16LUC79-Nt2OLOrKuHn0lRFnYewNzkNilkzE53LKoVadBI43ZIz2XozoAscXNsSR&__tn__=%2CO%2CP-R
28,2022-12-01,"Lipovitan – Lúa Trổ Bạt Ngàn – Tết Tràn Năng Lượng
Một năm mới sắp đến, Lipovitan xin gửi trao đến bà con nông dân những lời chúc ý nghĩa, mong cho năm tới là năm của những mầm non tươi tốt, của những mùa màng bội thu để bà con có một năm 2023 thật trọn vẹn, đủ đầy!
Uống Lipovitan cho năng lượng ngập tràn rồi cùng nhau ta đi thu hoạch những cánh đồng bạt ngàn lúa trổ thôi bà con nông dân ơi!!!
Lipovitan - Tết Tràn Năng Lượng
-------------------------------------------------------------------------
Để biết thêm thông tin chi tiết, hãy liên hệ:
 HOTLINE: 1900 571 579 
WEBSITE: https://www.lipovitan.vn/ 
 EMAIL : cskh@taishovn.com 
 FACEBOOK: https://www.facebook.com/Lipovitan.vn #LIPOVITAN #Lipovitan #NuocTangLucLipovitan #ThuongHieuNhatBan #Tetlanha #Tettrannangluong",1200.0,29.0,11.0,https://www.facebook.com/Lipovitan.vn/posts/pfbid02QVBBWnij1xkLgYmoERKtKBHYP54Thxs9BYiX1azhhK2TVo7AhibQxF8Fe9KVFNiul?__cft__[0]=AZUqz74jkCPgxzRMrjXRDFIMWwUMk48OPOZDz9pcC6JiaXlCI1iiGIWTFIaMUIXY4EAeEUjeBdpEYr60hSIRI5h6dVGVMZGKbTnL2lpnEnYtkM4kr1po9m00h09bzLezEBoP2TFDb5Wp1AFp-N4w4aywSjwvn5SLRR-G7kDNhqW3x10w2t3ZYHBHZgnmZhzG3WPbQzOEombp2BWY3IYDNrwCKfLUNNp46IPT8YDHt9ZceA&__tn__=%2CO%2CP-R
29,2022-12-01,"Lipovitan – Cho Cá Đầy Khoang – Tết Tràn Năng Lượng
Tưng bừng đón xuân sang, Lipovitan xin gửi gắm những lời chúc ý nghĩa đến bà con nơi xứ biển, mong sao năm tới sẽ là năm của những mẻ cá đầy ắp, của nặng trĩu lưới chài cho bà con một năm 2023 thật ấm no, hạnh phúc!
Uống Lipovitan cho năng lượng ngập tràn rồi kéo mẻ cá đầy thôi bà con ngư dân ơi!!!
Lipovitan - Tết Tràn Năng Lượng
-------------------------------------------------------------------------
Để biết thêm thông tin chi tiết, hãy liên hệ:
 HOTLINE: 1900 571 579 
WEBSITE: https://www.lipovitan.vn/ 
 EMAIL : cskh@taishovn.com 
 FACEBOOK: https://www.facebook.com/Lipovitan.vn #LIPOVITAN #Lipovitan #NuocTangLucLipovitan #ThuongHieuNhatBan #Tetlanha #Tettrannangluong",565.0,23.0,2.0,https://www.facebook.com/Lipovitan.vn/posts/pfbid02FVhRBpDnDGZ9uVXs3jE5RkMLpSmp4Bgg5DnkP8z9ifSF3cSpq1dXznxs7mAxoGyrl?__cft__[0]=AZUvIpoXv-mYr1cwKBb8Bl3AKxGNntCXF1X2jZaDpl7XszHIc3zzttK5T_48LysffeTua7awWmT8sohHeMG_10Qnfk8BouS041-caFsYgQFF_ou7EH2UJR-z8010Qe-RZAYPfk5YX4RBGBCh7cFajVE6ZY37AVqQ0S8QsJQEmYn2Snx8S9dApXvDXR32XyDeRolrzT70pp9rJqrIJ5VnwriPsQUHLtJR7StsubDlAsF5Qw&__tn__=%2CO%2CP-R
30,2022-12-01,"Chuyến Xe Miễn Phí Đưa Công Nhân Về Quê Đón Tết 2023
“Chuyến Xe Năng Lượng” của nhãn hàng nước tăng lực Lipovitan sẽ tiếp tục lăn bánh biến ước mơ trở về nhà ngày Tết của người lao động có hoàn cảnh khó khăn đang làm việc tại tỉnh Bình Dương trở thành hiện thực.
Thật tuyệt vời khi mỗi chúng ta đều có thể “tiếp nhiên liệu” cho Chuyến Xe Năng Lượng bằng cách thức cực kỳ đơn giản:
Với mỗi lượt chia sẻ bài viết này từ Fanpage Lipovitan kèm hashtag #LipovitanTetLaNha, bạn sẽ đóng góp 20.000đ vào quỹ để mua vé xe về nhà cho công nhân. 
Thời gian áp dụng chương trình: 21/11/2022 – 31/12/2022 
Thời gian khởi hành: 15/01/2023 (tức 24 Tháng Chạp)
Chuyến xe sẽ lăn bánh từ Bình Dương về các tỉnh: Bình Định, Phú Yên, Quảng Ngãi, Quảng Nam, Cà Mau. 
 Đừng chần chừ nữa, hãy cùng Lipovitan biến ước mơ về nhà của biết bao người gần hơn với hiện thực nhé! #LipovitanTetLaNha #ChuyenxenangluongTet2023
-------------------------------------------------------------------------
Để biết thêm thông tin chi tiết, hãy liên hệ:
 HOTLINE: 1900 571 579 
WEBSITE: https://www.lipovitan.vn/
 EMAIL: cskh@taishovn.com",200.0,16.0,39.0,https://www.facebook.com/Lipovitan.vn/posts/pfbid036FaqXhKyR6S7Hx7SYaD5ufSApHVRFoem5WiMbHhvAJi1MdJhLRTmM1CXpVugYrF7l?__cft__[0]=AZWI91LIi8xEUzHuQEN7P3O7XbIAxscAu9t7qZiBQDlLC3Qfh2ldwp-wqGVIY0-gkD_sNIRwmEfb7xIm7BdIkLNxlAmmpNIDRsa04jsfhZSIZKAo1H_pRVesEvkgOMgnJ4RhO363O2hX7h17gr8-0R1mf7aag6M6NX45S31tu-iioClaRFDbuK_L8VqELOSnklqfZAbNIwLrlb2bPojcuwsP&__tn__=%2CO%2CP-R
31,2022-12-01,"Lipovitan – Sức Căng Lực Tràn – Tết Tràn Năng Lượng
2022 sắp qua, 2023 sắp đến – Lipovitan có đôi lời chúc muốn gửi đến anh chị em người dân lao động: mong sao cả nhà luôn tràn đầy năng lượng, để đôi bàn tay thoăn thoát mãi dẻo dai, để tâm trí luôn minh mẫn và có một năm thật sung túc, thành công và hạnh phúc!
Uống Lipovitan cho năng lượng ngập tràn để công việc vẹn toàn thôi anh chị em ơi!!!
Lipovitan - Tết Tràn Năng Lượng
-------------------------------------------------------------------------
Để biết thêm thông tin chi tiết, hãy liên hệ:
 HOTLINE: 1900 571 579 
WEBSITE: https://www.lipovitan.vn/ 
 EMAIL : cskh@taishovn.com 
 FACEBOOK: https://www.facebook.com/Lipovitan.vn #LIPOVITAN #Lipovitan #NuocTangLucLipovitan #ThuongHieuNhatBan #Tetlanha #Tettrannangluong",192.0,1.0,1.0,https://www.facebook.com/Lipovitan.vn/posts/pfbid0aeoVJynzsmSKjVQEXe9uvY7Si2jpK3bPcJ2dmNqGDx5MmoRqeyL4Ckuxe3oumSV2l?__cft__[0]=AZWtDCKBivfzL7fZAoCquNNDtW8FN5CqKA33Kp3rEovtW5KeyQQ5vjHTcrYJfmZWj0Q2F2E3VTpVq3WiZI3WD_N0Aty-DevGXe7-8Kqr8jCrQDl3qp3Fol9UvY4Tvw6pd5aTBTOD9B3A-kmpEI8U6PPwFTHN2KqwXctPt-TexkJgL3QYkX6J7gEnywNzFQe8-CAziUVjQr57L9Zcb2P0AJY-VqK-M-AY9YbWs8_X-an6PA&__tn__=%2CO%2CP-R
32,2022-12-01,"Minigame| Tết Nhà Mình
Loa Loa Loa!!! Săn Vé Về Quê Miễn Phí Lại Còn Có Quà Cho Gia Đình, Sao Còn Chưa Thử???
Tết này không còn phải lo lắng vì chi phí về quê thật đắt đỏ, Lipovitan tặng ngay 10 vé xe về nhà đón Tết* kèm theo 10 thùng nước tăng lực Lipovitan cho 10 bạn may mắn nhất qua cách thức tham gia cực đơn giản: 
1. Bình luận dưới bài đăng này 1 tấm hình ăn Tết cùng gia đình bạn + một vài chia sẻ ngắn về tấm hình đó + tên tỉnh bạn muốn về + con số may mắn + tag 3 người bạn 
2. Like và share bài viết dưới chế độ công khai kèm hashtag #LipovitanTetlanha #ChuyenxenangluongTet2023
 Thời gian: 01/12 – 25/12/2022
Hệ thống chọn người trúng giải của BTC sẽ quay số + tên tài khoản Facebook đã thực hiện đầy đủ 2 bước trên. Admin sẽ công bố người trúng giải đã thực hiện đúng cách thức may mắn được hệ thống lựa chọn.
Ngày kết thúc Minigame: 23h59 phút ngày 25/12/2022
Ngày công bố kết quả vào 26/12/2022 tại Fanpage “Nước Tăng Lực Lipovitan”
Chúc bà con thật nhiều may mắn! ️
*Xe đưa các bạn tới các tỉnh trong khuôn khổ của chương trình: Phú Yên, Bình Định, Quảng Ngãi, Quảng Nam, Cà Mau.
Lipovitan - Tết Tràn Năng Lượng
#LipovitanTetlanha #ChuyenxenangluongTet2023
-------------------------------------------------------------------------
Để biết thêm thông tin chi tiết, hãy liên hệ:
 HOTLINE: 1900 571 579 
WEBSITE: https://www.lipovitan.vn/
 EMAIL: cskh@taishovn.com",116.0,12.0,17.0,https://www.facebook.com/Lipovitan.vn/posts/pfbid02US5dsaeLssjxjSoJikhrf58BEBDHp4QNFggdy8MNUFB9Hmxedgc85xyNmd6P3ZDAl?__cft__[0]=AZXVhhsvY5VLDWc_Zi4FSkIBLFT3YK2Qc_gksEspSMru2FP_Ad1mqNqmN2qg5cHIWn-GqEu21FPYxphqjHW8uy9RwG-NQWrjVc3G-4Yl84P_OJ6ddI7UR__NWZlARjCiVyASUjGBHDXzsOoI7yI7Y_c-AsEr7xgDuYHyTKL6hie2xX3HzUzEEZdx_GL5FX0fHD2elSUJKy5A92OyX_mW4SMA&__tn__=%2CO%2CP-R
33,2023-01-05,"Minigame| Tìm Đường Về Nhà – Nhận Quà Thả Ga
Cả nhà thân yêu của Lipovitan ơi! Hãy cùng admin tìm đúng con đường giúp diễn viên Quốc Trường về nhà kịp 30 Tết để tận hưởng bữa cơm gia đình ấm cúng đầy yêu thương nhé! 
3 túi du lịch xinh xắn sẽ dành cho 3 bạn may mắn thực hiện đủ 3 bước dưới đây:
1. Like Fanpage & Like bài post minigame này
2. Comment đáp án + chọn số may mắn từ 0-999
3. Tag 1 người bạn mời tham gia cùng và hashtag # LipovitanTetTranNangLuong
Ví dụ: Đáp án là: A + Số may mắn 99 + Tag 1 người bạn + # LipovitanTetTranNangLuong
Người trúng thưởng sẽ là thực hiện 3 bước trên đầy đủ + Có thêm sự may mắn nữa nhé!
Hệ thống chọn người trúng giải của BTC sẽ quay số + tên tài khoản Facebook đã thực hiện đầy đủ 3 bước trên. Admin sẽ công bố người trúng giải thỏa mãn 2 điều kiện “đúng tên tài khoản Facebook & số may mắn” được hệ thống lựa chọn.
Ngày kết thúc Minigame: 23h59 phút ngày 12/01/2022
Ngày công bố kết quả vào 13/01/2022 tại Fanpage “Nước Tăng Lực Lipovitan”
Chúc bà con thật nhiều may mắn! ️
Lipovitan - Tết Tràn Năng Lượng
-------------------------------------------------------------------------
Để biết thêm thông tin chi tiết, hãy liên hệ:
 HOTLINE: 1900 571 579 
WEBSITE: https://www.lipovitan.vn/
 EMAIL: cskh@taishovn.com
Mua sản phẩm tại: https://tiki.vn/.../nuoc-uong-tang-luc-lipovitan-250ml...
#Lipovitan  #NuocTangLuc #NuocTangLucLipovitan #ThuongHieuNhatBan #LipovitanTetTranNangLuong #TetLaNha",621.0,607.0,260.0,https://www.facebook.com/Lipovitan.vn/posts/pfbid0nyUQPEnA8ExZUd3C3GkPQNLdcviXKA9ECqEap3ERz72KeerHrR5LVzfMr8kxwtYql?__cft__[0]=AZWrJNdvnp2iaHwlJg8rnMZLXmzOn7yVMtJm3BUzLZI5CYujYFNzCjQwgODhhuII_7hRi5aAATryDCztvnJhMDEUx0Vyuu8j8BcBK_3WC2IMNy9UdIStXnB3iXdnTrLx-TqtFR0Q_cvLpvj7kEDJcqPkQVTVUPN8Sk9qhkJZ3vn6lRHaF-NFax0aJB2wcFuAwG9tGQ4qZ66MAsjzHus2pGE7&__tn__=%2CO%2CP-R
34,2023-01-12,"THÔNG BÁO ĐỊA ĐIỂM & THỜI GIAN KHỞI HÀNH CHUYẾN XE NĂNG LƯỢNG
 Loa loa loa…Các hành khách đã đăng ký vé về quê ăn Tết trên “ Chuyến xe năng lượng” vui lòng tập trung đúng giờ và địa chỉ như bên dưới:
1/ Lựa chọn 1:
      Thời gian:  5h30 Sáng Chủ Nhật (15/1/2023 – tức 24 Tết)
      Địa điểm:  2366/1B Nguyễn Thị Nhuần, KP1, Tổ 8, P. An Phú Đông, Q.12
2/ Lựa chọn 2:
      Thời gian:  7h Sáng Chủ Nhật (15/1/2023 – tức 24 Tết)
      Địa điểm:  Trung tâm hoạt động thanh niên tỉnh Bình Dương - số 168, đường Phú Lợi, phường Phú Hoà, Tp Thủ Dầu Một, Bình Dương
 Nếu có bất kỳ sự thay đổi nào (hủy vé/ thay đổi thông tin tập trung) hành khách vui lòng liên hệ nhãn hàng Lipovitan để được hỗ trợ.
 Khi đi hành khách vui lòng mang theo CCCD hoặc CMND để đối chiếu thông tin đã đăng ký với Lipovitan.
 Chuyến đi chỉ áp dụng cho các hành khách đã đăng ký thông tin và nhận được tin nhắn hoặc điện thoại từ nhãn hàng Lipovitan/ Tỉnh đoàn Bình Dương.
#LipovitanTetlanha #ChuyenxenangluongTet2023
-------------------------------------------------------------------------
Để biết thêm thông tin chi tiết, hãy liên hệ:
 HOTLINE: 1900 571 579 
WEBSITE: https://www.lipovitan.vn/
 EMAIL: cskh@taishovn.com",53.0,13.0,13.0,https://www.facebook.com/Lipovitan.vn/posts/pfbid02Y4dvV68iwGeY87ov5oiFFxXmngqvpyez7iRXeR4oqUb9sytEH5ubTZbg4hgBT2YRl?__cft__[0]=AZX87fxnr4f9NQRV6QdY6-yGIbiAEZhZ_SLdvglZWmhu6WatXmI5RGi9tVjlX4qMMHkOagNXqI8v2A6G03cN8WXaXmHe9Q2wos8Ub_1SzkyXbZMeeQ8Tc0dJN49ycRtp_ry6O3BpdzZ_kalfv3ZWVJoRIG6igjG3Z753oS1e9HOG-MRo_RS0M8Rt5ZbteyvpCbkH92Ou-rAuFQz96jUFGrps&__tn__=%2CO%2CP-R
35,2023-01-16,"TRẠM TIẾP SỨC NĂNG LƯỢNG TỈNH BÌNH DƯƠNG
Không khí Tết đang tràn ngập khắp nẻo đường…nào là chợ xuân, đường hoa tấp nập, phố xá lúc này rất náo nhiệt và tràn đầy năng lượng Tết 
Mọi người về quê nếu đi ngang qua các Trạm Tiếp Sức sau thì hãy dừng xe ghé lại để nhận những phần quà ấm áp nghĩa tình nhé 
:
      Cầu Phú Cường đi về hướng Thành phố Hồ Chí Minh
      Ngã ba Mỹ Phước - Tân Vận đi về hướng tỉnh Đồng Nai
     Cầu Vĩnh Phú đi về hướng Thành phố Hồ Chí Minh
     Phường Thái Hòa đi về hướng tỉnh Đồng Nai
     Chốt xã An Bình đi về hướng Bình Phước
     Xã Phú An đi về hướng Thành Phố Hồ Chí Minh
     Xã Trừ Văn Thố đi về hướng Bình Phước
     Xã Lạc An đi về hướng Đồng Nai
     Xã Định Thành đi về hướng Tây Ninh
Thời gian diễn ra trong 3 ngày: 16-17-18/1/2023
 Chúc mọi người Tết tràn năng lượng!!!
#LipovitanTetlanha #ChuyenxenangluongTet2023
-------------------------------------------------------------------------
Để biết thêm thông tin chi tiết, hãy liên hệ:
 HOTLINE: 1900 571 579 
WEBSITE: https://www.lipovitan.vn/
 EMAIL: cskh@taishovn.com",135.0,12.0,13.0,https://www.facebook.com/Lipovitan.vn/posts/pfbid0UGubkYWLVEJAicbCxGMt78cnDDpW4xqEg1MHFVXmqJAXzeTGcUG5vxjswZW1TiUXl?__cft__[0]=AZWx5WeOGc_w374oQRCfhvtgxvKS5rvEgYW_yiJeLGuTFJWEog_R5iy1NGd1kbZuPxCwyDp-2ny8dlv_fLGpy6A_ps2WfwNepUtqbkB2ylGocL9mcO_XYLbIdtwLJd2IIk-5nZ1jyYXllHNNf_yPwZ0RVRYgrsbvFDMKAviq6oWRSigKmlWoY3mCgE6MBpt08d6zJio5Nq6gfA_m8F8fOytR&__tn__=%2CO%2CP-R
36,2023-01-17,"CHUYẾN XE NĂNG LƯỢNG ĐÃ CẬP BẾN AN TOÀN
Ngày 15/1 (tức 24 Tết), Chuyến xe năng lượng đã đưa các thanh niên công nhân về quê đón Tết một cách an toàn 
Nhận được những lời khen từ các hành khách thân yêu, Lipovitan cảm thấy rất hạnh phúc vì đã mang đến 1 chương trình cộng đồng đầy ý nghĩa và nhân văn 
Thương chúc mọi người có 1 cái Tết ấm no và tràn đầy năng lượng 
#LipovitanTetlanha #ChuyenxenangluongTet2023
-------------------------------------------------------------------------
Để biết thêm thông tin chi tiết, hãy liên hệ:
 HOTLINE: 1900 571 579 
WEBSITE: https://www.lipovitan.vn/
 EMAIL: cskh@taishovn.com",42.0,5.0,7.0,https://www.facebook.com/Lipovitan.vn/posts/pfbid02mvCsAKURsum7BDVdv1ytAyxWcDVahA9xTAdKZcQjsqhtJ5FMgLGEFmjXLFBz1X22l?__cft__[0]=AZX2EWBFRKVrGFIm_0G54xHRqH0NcaH6DU-bwi8wuH2XZz53WdueuHZMZ3u8iRiGVxsmWs_0Qf6nt23IIDJ5HoVcUTQn83NKsG8OwXtXSdKND7wyRe5K2gTO90-dbdzY12QVjWNHfZsKuxOz7-5XeBteyjEH9Q2W_fgTY3eTwH15gnucctJN_ffYV5LsZ3Rr0Hl4UtePZy_MjTJBPlFo6F4F&__tn__=%2CO%2CP-R
37,2023-02-20," Năng Lượng Bùng Nổ - Về Số Cả Năm
Khởi động những tháng đầu năm mới bằng doanh thu bán hàng ấn tượng nào anh em ơi!!!
Chúc cho các thành viên Lipovitan năm mới tràn đầy năng lượng và luôn “đạt số” suốt năm nhé  
----------------------------------------------------------------------------------
Để biết thêm thông tin chi tiết, hãy liên hệ:
 HOTLINE: 1900 571 579 
WEBSITE: https://www.lipovitan.vn/ 
 EMAIL : cskh@taishovn.com 
 FACEBOOK: https://www.facebook.com/Lipovitan.vn 
#LIPOVITAN #Lipovitan #NuocTangLucLipovitan #ThuongHieuNhatBan",89.0,10.0,13.0,https://www.facebook.com/Lipovitan.vn/posts/pfbid0ZSFdTHsgzNxMbEQEZQ345pDBQRxwrVDx2ay1BzYnoscsnsUwhWaP7cYLuafEC3odl?__cft__[0]=AZVZRhFFOV0ZpBRT2HKmGrKYDGnT468pvLb25uMCHN0dcGkVcSQyPI5FCVK7QL6uu1QpjJ01J4_aam8TKRncoic7EGbUAv4cc9GKJMavs4zIzHFB3BF5lclI46oOZyDPfxdR4Pb2lTMaKrW9xiCK85efLQhXlG3C1T6eu1MH7pgW5sKYxIwShsCKoVuFRxMDPvVoMKj61MCtN725OYskhrzD&__tn__=%2CO%2CP-R
38,2023-03-06," Làm Việc Năng Lượng – Tăng Lương Vèo Vèo
Ai cũng muốn “lương cao” nhưng làm việc lại không đạt hiệu quả?
    Nạp ngay Lipovitan tiếp thêm năng lượng tỉnh táo, giúp bạn tập trung hoàn thành tốt công việc được giao. Lương cao là chuyện nhỏ luôn nè 
-------------------------------------------------------------------------
Để biết thêm thông tin chi tiết, hãy liên hệ:
 HOTLINE: 1900 571 579 
WEBSITE: https://www.lipovitan.vn/ 
 EMAIL : cskh@taishovn.com 
 FACEBOOK: https://www.facebook.com/Lipovitan.vn 
#LIPOVITAN #Lipovitan #NuocTangLucLipovitan #ThuongHieuNhatBan",55.0,11.0,8.0,https://www.facebook.com/Lipovitan.vn/posts/pfbid032oqcP1vBRgykmNaGh14pYacJmYw7sKFCVtGJVgPxjxEBynikJXEm6Xa67jPUJ8TJl?__cft__[0]=AZXvMlDK5fVydfRnZjKzYCvcReeDWmLQNZzcxeMeCEC7tfNZWwslz2W8CYELzSJNa3N9HDiMYkqmHQZ2AOJl95Hwp5Y9wS8UQsyDi1BCwfjMCA3LZlE0u41VxgoSgPyqqnH4ABxi4CeHsbZTPVm1ajibJe4S5EA0AD6BVv7OTFgSYMbwc262ohMvdRe7EYViyDoM38FshS9VYdhXvBzMlx0K&__tn__=%2CO%2CP-R
39,2023-03-13," Sinh Lực Dồi Dào – Chinh Phục Đỉnh Cao
Tongkat Ali dù mới ra mắt thị trường thời gian ngắn nhưng đã chiếm trọn được tình cảm của nhiều quý khách hàng thân thương.
Hầu hết Tongkat Ali đều được mọi người khen ngon, uống tỉnh và mùi thơm dịu nhẹ.
Còn bạn thì sao? Hãy để lại bình luận cảm nhận về sản phẩm của bạn dưới đây nhé 
  Link mua: https://tiki.vn/thung-24-lon-250ml-lipovitan-tongkat-ali...
-------------------------------------------------------------------------
Để biết thêm thông tin chi tiết, hãy liên hệ:
 HOTLINE: 1900 571 579 
WEBSITE: https://www.lipovitan.vn/ 
 EMAIL : cskh@taishovn.com 
 FACEBOOK: https://www.facebook.com/Lipovitan.vn 
#LIPOVITAN #Lipovitan #NuocTangLucLipovitan #ThuongHieuNhatBan",23.0,2.0,4.0,https://www.facebook.com/Lipovitan.vn/posts/pfbid02HyxssYE4b5JS6rHoTcn2HTjwyj14rM6hmFtgqacjYjcSqviZukYaKTrsgzcCzkC7l?__cft__[0]=AZXLF6mnfZXPWljcYMF-phLaAIgWDcuu-9NYsNJrcxBSJT4FDjEcmkTNakAIrRIR2BGLjN5uw4LqMjrNDWoh4CFuCeUVYFfZGqSk6WsD32_JBlqG_2nHsLu4QoToY4q1_6JN5Jig_kfzO-Ja0a9lrGzwJcwV5d0rbWcU7naTJjdGdnUb6UziafNqZJfO_TofZRFqA_hVjVrf3zv8m6wCTKLh&__tn__=%2CO%2CP-R
40,2023-03-15,"LỄ KHÁNH THÀNH DỰ ÁN MỞ RỘNG NHÀ MÁY LIPOVITAN 
Dự án Mở Rộng Nhà Máy Lipovitan đã hoàn thành và chính thức đi vào hoạt động từ ngày 07/03/2023. 
Để đáp ứng nhu cầu tiêu thụ sản phẩm ngày càng tăng của người tiêu dùng, tháng 12 năm 2021, Lipovitan đã quyết định tiến hành lắp đặt thêm dây chuyền sản xuất, xây dựng thêm kho bãi, mở rộng nhà máy cùng dây chuyền hiện đại. Sau hơn 14 tháng xây dưng, dự án đã hoàn thành đúng tiến độ.
Chi tiết về lễ khánh thành bạn có thể tham khảo tại link này nhé: https://lipovitan.vn/.../le-khanh-thanh-du-an-mo-rong.../
-------------------------------------------------------------------------
Để biết thêm thông tin chi tiết, hãy liên hệ:
 HOTLINE: 1900 571 579 
WEBSITE: https://www.lipovitan.vn/ 
 EMAIL : cskh@taishovn.com 
 FACEBOOK: https://www.facebook.com/Lipovitan.vn 
#LIPOVITAN #Lipovitan #NuocTangLucLipovitan #ThuongHieuNhatBan",69.0,2.0,14.0,https://www.facebook.com/Lipovitan.vn/posts/pfbid0xXpjVypAXi9MzLDitKkFwa6xc58ZSPZA2b68fpXfcdFVQfJYFJG2YkSu23Loee9yl?__cft__[0]=AZU9nslofopke_9GGRNEGgT8KNYF1WqQ0eozcN9yP3nkJ3cZ9n6jGrMQymjLYlCasNioGECCKXumOeAdqpoxqYR5CxoZIGSZISWDde_DgaeeWm354gMca_wnyw7nfcy7q37Iv41h6VfQFdwgEeeDAcG7SOgqzJXwgh-c3Z1oF3RrVpMwmnYEfvBg8RrlusGOMpw3q-7MwAY5qHhMiTW4eIDe&__tn__=%2CO%2CP-R
41,2023-03-30," Lipovitan | Bật Nắp Trúng Vàng 2023 
Chương trình khuyến mãi lớn nhất năm từ nhà Lipovitan chính thức được diễn ra trên 15 Tỉnh/ Thành từ ngày 1/4/2023 
Bật Nắp Trúng Vàng mùa thứ 3 với nhiều giải thưởng hấp hẫn:
     50 Giải Nhất : mỗi giải 01 Chỉ Vàng 99.99 
    ️ 
5.000 Giải Nhì : mỗi giải 01 Lốc Lipovitan Mật Ong ( 1 lốc 6 lon)
     1.000.000 Giải Ba : mỗi giải 01 Lon Lipovitan Mật Ong
 Với tổng giá trị giải thưởng hơn 8,5 tỷ đồng!!!
 Nhanh tay BẬT NẮP và RINH về hàng triệu giải thưởng hấp dẫn ngay hôm nay!
Phạm vi áp dụng: Hà Nội, Thanh Hóa, Quảng Trị, Quảng Bình, Đà Nẵng, Quảng Nam, Thừa Thiên Huế, Khánh Hòa, Bình Thuận, Daklak, Lâm Đồng, Hồ Chí Minh, Bình Dương, Đồng Nai, Bà Rịa – Vũng Tàu.
 Thời gian diễn ra chương trình: 01/04/2023 – 30/06/2023
-------------------------------------------------------------------------
Để biết thêm thông tin chi tiết, hãy liên hệ:
 HOTLINE: 1900 571 579 
WEBSITE: https://www.lipovitan.vn/ 
 EMAIL : cskh@taishovn.com 
 FACEBOOK: https://www.facebook.com/Lipovitan.vn 
#LIPOVITAN #Lipovitan #NuocTangLucLipovitan #ThuongHieuNhatBan #BatNapTrungVang #UongCangNhieuTrungCangDa",1300.0,333.0,43.0,https://www.facebook.com/Lipovitan.vn/posts/pfbid02ajwAGX1LvGri7kTcqsq3vWqPSfGjF83pmWxjEKyvKJyur8my1B2cNj2TxjnuYrhDl?__cft__[0]=AZUnE6WsJZc8t7xCkxaMTmyoDuVrsTufzSv3wnNwO5ECm0OjBlGPvPPxLvtJdI4f9vpVoT7u12ew9cDb8Uc4mjeNmoW3-3TLcnZQjH_U3JN2mnBHfXiqygEY2FrU0vCeSdJ-UnL-Tp4Iw1ltj4C0_6v_05n5vEvmL6SbeAaEjOJb38nXc5ZT2M9l6A2aGlU44r6fsYtVaebWbEQebc2nOUvU&__tn__=%2CO%2CP-R
42,2023-04-12,"Minigame| Đuổi Hình Bắt Chữ
 Loa..loa..loa..Hòa chung không khí sôi động mùa Bật Nắp Trúng Vàng, Lipovitan tổ chức 1 Minigame nho nhỏ để bà con có cơ hội “chộp giải” nhanh như chớp nè 
Với mô típ trò chơi quá quen thuộc, bà con chỉ cần nhìn hình và đoán xem 4 từ cần điền là gì ==> Cơ hội trúng quà quá dễ phải không????
3 túi du lịch xinh xắn sẽ dành cho 3 bạn may mắn thực hiện đủ 3 bước dưới đây:
1. Like Fanpage & Like bài post minigame này
2. Comment đáp án + chọn số may mắn từ 0-999
3. Tag 1 người bạn mời tham gia cùng và hashtag # Lipovitan
Ví dụ: Đáp án là: Trúng Vàng Liền Tay + Số may mắn 99 + Tag 1 người bạn + #Lipovitan
Người trúng thưởng sẽ là thực hiện 3 bước trên đầy đủ + Có thêm sự may mắn nữa nhé!
Hệ thống chọn người trúng giải của BTC sẽ quay số + tên tài khoản Facebook đã thực hiện đầy đủ 3 bước trên. Admin sẽ công bố người trúng giải thỏa mãn 2 điều kiện “đúng tên tài khoản Facebook & số may mắn” được hệ thống lựa chọn.
Ngày kết thúc Minigame: 23h59 phút ngày 03/05/2023
Ngày công bố kết quả vào 09/05/2023 tại Fanpage “Nước Tăng Lực Lipovitan”
Chúc bà con thật nhiều may mắn! ️
-------------------------------------------------------------------------
Để biết thêm thông tin chi tiết, hãy liên hệ:
 HOTLINE: 1900 571 579 
WEBSITE: https://www.lipovitan.vn/ 
 EMAIL : cskh@taishovn.com 
 FACEBOOK: https://www.facebook.com/Lipovitan.vn 
#LIPOVITAN #Lipovitan #NuocTangLucLipovitan #ThuongHieuNhatBan #BatNapTrungVang #UongCangNhieuTrungCangDa",779.0,756.0,489.0,https://www.facebook.com/Lipovitan.vn/posts/pfbid0sSJRdZW2MxvCNmWMD173ap7UyxKtD4Cesqyxw2PFa3vSWC61HyCksoMhMdCCdTETl?__cft__[0]=AZVrC4JLIFtJ5RIZH_cLDQq2IxBPBa-Dncyk59ds_4ppMIxWMNpaal3vJVW6R8gIABVO8C7sRTUxSyD4U1BIJ78nuZ1T6rynD7WHJoAQYHHGo3BPCVBlt8E424oK974wY7RyG8-T5wd8qcxW95KdCZPBtFVuQ6vukVbBQAnKWZmEiJ7dpFuh6LRSUZN3vvvHG0DE9XReLC3-pkXEVdQNiqqX&__tn__=%2CO%2CP-R
43,2023-04-13," Bật Nắp Lipovitan Ngay – Rinh Vàng Về Tay 
Với 50 giải 1 Chỉ Vàng SJC 99.99 nằm ngay bên dưới khoen lon Lipovitan, cơ hội Bật là Trúng sẽ rất cao 
Cả nhà nhanh tay săn các lon Lipovitan phiên bản mới để Ring Vàng về nhà nhé 
Phạm vi áp dụng: Hà Nội, Thanh Hóa, Quảng Trị, Quảng Bình, Đà Nẵng, Quảng Nam, Thừa Thiên Huế, Khánh Hòa, Bình Thuận, Daklak, Lâm Đồng, Hồ Chí Minh, Bình Dương, Đồng Nai, Bà Rịa – Vũng Tàu.
 Thời gian diễn ra chương trình: 01/04/2023 – 30/06/2023
-------------------------------------------------------------------------
Để biết thêm thông tin chi tiết, hãy liên hệ:
 HOTLINE: 1900 571 579 
WEBSITE: https://www.lipovitan.vn/ 
 EMAIL : cskh@taishovn.com 
 FACEBOOK: https://www.facebook.com/Lipovitan.vn 
#LIPOVITAN #Lipovitan #NuocTangLucLipovitan #ThuongHieuNhatBan #BatNapTrungVang #UongCangNhieuTrungCangDa",198.0,34.0,3.0,https://www.facebook.com/Lipovitan.vn/posts/pfbid0JtPM63Q3dupXhCfUQA8y2anMEsBwzyhtXPSLT9hz6NVXeCNb135p4LVP15boeEANl?__cft__[0]=AZVhz_zL1B0OVl1ZFseepWF3qa8Krj0PRn9_90j0xBZKj4tRzN3eH1uo4XUez-nLqzV9zC7hxdtD_5oZWz4jSOFfCuJ0SMrdispOMIbH_H31z3SioYf9aWIbIbOBJlUKjqUn0two6MrI7nm0aUNxh4zSQZzc7rcNcwrZm3LnRr2kIkZS95zcX8mokkMZ2O5c73AnqtxO2Y3ubP7v8mefq0TJ&__tn__=%2CO%2CP-R
44,2023-04-13," Bật Là Trúng – Hàng Triệu Lon Lipovitan 
Thật vui khi vừa khui 1 lon Lipovitan lại trúng thêm 6 lon Lipovitan vị mật ong thơm ngon nữa 
. Hàng triệu lon Lipovitan đang chờ chúng taaa
Hãy bật ngay Lipovitan để khám phá niềm vui sau mỗi nắp khoen nhé 
Phạm vi áp dụng: Hà Nội, Thanh Hóa, Quảng Trị, Quảng Bình, Đà Nẵng, Quảng Nam, Thừa Thiên Huế, Khánh Hòa, Bình Thuận, Daklak, Lâm Đồng, Hồ Chí Minh, Bình Dương, Đồng Nai, Bà Rịa – Vũng Tàu.
 Thời gian diễn ra chương trình: 01/04/2023 – 30/06/2023
-------------------------------------------------------------------------
Để biết thêm thông tin chi tiết, hãy liên hệ:
 HOTLINE: 1900 571 579 
WEBSITE: https://www.lipovitan.vn/ 
 EMAIL : cskh@taishovn.com 
 FACEBOOK: https://www.facebook.com/Lipovitan.vn 
#LIPOVITAN #Lipovitan #NuocTangLucLipovitan #ThuongHieuNhatBan #BatNapTrungVang #UongCangNhieuTrungCangDa",400.0,65.0,15.0,https://www.facebook.com/Lipovitan.vn/posts/pfbid025XkuPJATH9t4GvtjWmEGYoFhQPP972sZK4mVms9fDwzNoVsABQ6Wxsn3B7H7u3eMl?__cft__[0]=AZVMkvEhcluhNYTjNvQnSnj9ko0rv21LOw3MyVYUtNlSYG07Ha1yay2q8e1hO8hXyf4pq461ZhT9UUoCSajwNyJeCMpTAfSblky2Tvf6DTgpOXmRASYfq7eTHux65H4CAcclPA0zNzCaZG-UJPL9CzTOEeCN68-E3ZX2XPbRMDNvbfMr9GvFgsm0h-Cb9I_oGdytf7AgeOLlQKDMvkBbBORz&__tn__=%2CO%2CP-R
45,2023-04-17," Lipovitan | Uống Càng Nhiều Trúng Càng Đã 
Ẩn sau những khoen lon đỏ kia là các giải thưởng rất hấp dẫn đang đợi các chủ nhân may mắn:
    50 Giải Nhất : mỗi giải 01 Chỉ Vàng 99.99 
    ️ 
5.000 Giải Nhì : mỗi giải 01 Lốc Lipovitan Mật Ong ( 1 lốc 6 lon)
     1.000.000 Giải Ba : mỗi giải 01 Lon Lipovitan Mật Ong
 Với tổng giá trị giải thưởng hơn 8,5 tỷ đồng!!!
Phạm vi áp dụng: Hà Nội, Thanh Hóa, Quảng Trị, Quảng Bình, Đà Nẵng, Quảng Nam, Thừa Thiên Huế, Khánh Hòa, Bình Thuận, Daklak, Lâm Đồng, Hồ Chí Minh, Bình Dương, Đồng Nai, Bà Rịa – Vũng Tàu.
 Thời gian diễn ra chương trình: 01/04/2023 – 30/06/2023
-------------------------------------------------------------------------
Để biết thêm thông tin chi tiết, hãy liên hệ:
 HOTLINE: 1900 571 579 
WEBSITE: https://www.lipovitan.vn/ 
 EMAIL : cskh@taishovn.com 
 FACEBOOK: https://www.facebook.com/Lipovitan.vn 
#LIPOVITAN #Lipovitan #NuocTangLucLipovitan #ThuongHieuNhatBan #BatNapTrungVang #UongCangNhieuTrungCangDa",79.0,37.0,23.0,https://www.facebook.com/Lipovitan.vn/posts/pfbid02GqM3o9Ue8BJ4yT89JEKS98sSN3V9MaSTfzRS6VVBhidFCxsfUMFu8Jevb1c8jvXRl?__cft__[0]=AZWWpzUfZ54e42jPAxDBLryRcB_DFe-LgpDjoDKMGrQy3b42Tr9YTmfKmdOuTX6ZZp98ZA7QxFGSnLRR3R-O6BuqdJEmqe_i0WdsabRvyZW4b1ys2hBp-OingAzYKs_SLWRIVUoutOcpNFCbf5nBhEyPZjCtYsDzmMg726u7NFh5IlwYi5ZZpFGZTml5xf1mws1hgA5VKE6PMKc2nQ9ZOCE1WKZ4AX5NUn7K8ivqIWDu_w&__tn__=%2CO%2CP-R
46,2023-04-26," Chúc mừng 4 Khách Hàng Đầu Tiên Trúng 1 Chỉ Vàng ️
 Loa…Loa…Loa bà con cô bác gần xa, Lipovitan rất vui khi đã tìm ra được 4 chủ nhân may mắn đầu tiên của Giải 1 Chỉ Vàng 
Và còn tận 46 chỉ vàng đang chờ các chủ nhân sở hữu. Bật nắp Lipovitan lia lịa để đừng bỏ lỡ cơ hội 1 năm mới có 1 lần này 
Phạm vi áp dụng: Hà Nội, Thanh Hóa, Quảng Trị, Quảng Bình, Đà Nẵng, Quảng Nam, Thừa Thiên Huế, Khánh Hòa, Bình Thuận, Daklak, Lâm Đồng, Hồ Chí Minh, Bình Dương, Đồng Nai, Bà Rịa – Vũng Tàu.
 Thời gian diễn ra chương trình: 01/04/2023 – 30/06/2023
-------------------------------------------------------------------------
Để biết thêm thông tin chi tiết, hãy liên hệ:
 HOTLINE: 1900 571 579 
WEBSITE: https://www.lipovitan.vn/ 
 EMAIL : cskh@taishovn.com 
 FACEBOOK: https://www.facebook.com/Lipovitan.vn 
#LIPOVITAN #Lipovitan #NuocTangLucLipovitan #ThuongHieuNhatBan #BatNapTrungVang #UongCangNhieuTrungCangDa",80.0,24.0,20.0,https://www.facebook.com/Lipovitan.vn/posts/pfbid04P2oPvZRKLbzSrVDAHRPjgZzZLYaG29VY5e1cJgpMFDUpkDnUiY8m42pgqeFf126l?__cft__[0]=AZXl4im0C4pGx8qHhh3U1DCNQulVXKfDyOwnmYnppOUr-hKZt5XyIymvDCoE9wTSVt5wdc-zRwyljYMp2yUG8HT-tpUYsmhNj4uHTwyT3h9F1Ihls0r09fRpGjSJKX3fRfxQ9qXKhY9WVF9CxKig4ERTDghQpzhpmiGq7KAqhBDXDFBEnuryx3c1HJ3xDtPYccE4IywoduBYylwpC_DAALJe&__tn__=%2CO%2CP-R
47,2023-04-26," Bật Tongkat Ali – Trúng Ngay Lon Honey 
Nếu ai chưa từng thử vị Mật Nhân thơm ngon trứ danh, thì đây chính là cơ hội dành cho bạn…
Với vị ngon bùng nổ và quà tặng “bao cháy” nằm ngay dưới khoen lon Tongkat Ali, bạn sẽ không phải thất vọng khi chọn mua sản phẩm này để tăng lực vào mùa hè 
Ra ngay cửa hàng tạp hóa và chọn lon Tongkat Ali phiên bản Bật Nắp Trúng Vàng liền bạn nhé 
Phạm vi áp dụng: Hà Nội, Thanh Hóa, Quảng Trị, Quảng Bình, Đà Nẵng, Quảng Nam, Thừa Thiên Huế, Khánh Hòa, Bình Thuận, Daklak, Lâm Đồng, Hồ Chí Minh, Bình Dương, Đồng Nai, Bà Rịa – Vũng Tàu.
 Thời gian diễn ra chương trình: 01/04/2023 – 30/06/2023
-------------------------------------------------------------------------
Để biết thêm thông tin chi tiết, hãy liên hệ:
 HOTLINE: 1900 571 579 
WEBSITE: https://www.lipovitan.vn/ 
 EMAIL : cskh@taishovn.com 
 FACEBOOK: https://www.facebook.com/Lipovitan.vn 
#LIPOVITAN #Lipovitan #NuocTangLucLipovitan #ThuongHieuNhatBan #BatNapTrungVang #UongCangNhieuTrungCangDa",1400.0,56.0,22.0,https://www.facebook.com/Lipovitan.vn/posts/pfbid0Bf257oDUhQJYbYyCbHT18qiKLapgkSGAdTaTGgz1QRKxin9DLvcngfLNDKuAsQNel?__cft__[0]=AZWBayIIK1NDoJFQDLrj-gMSxLg1Tlu6daUf_hrsxYJCux1CKTNJ5w-QddbChPoFRyr__hUn7yRGYTMOrF_dY0LaBJogh9uqgbk1TCMNh0zfzNNGusoSL7iVg3Ri7y5jqti9XKMRlNm_5QE1TUApkB1UojEhv-wcTMGuVNvVjD4gjq-dEHfAl0ddoY8ZwK55YGWxIyiz9xyEEcXuFc0Awafu&__tn__=%2CO%2CP-R
48,2023-05-15," Tổng Giải Thưởng Hơn 8.5 Tỷ Đồng 
Tận 8.5 tỷ đồng giá trị tổng giải thưởng của chương trình Bật Nắp Trúng Vàng, cơ hội trúng giải của mọi người là rất cao nhé 
Còn chần chừ gì nữa, hãy ra ngay tiệm tạp hóa gần nhà và mua về 1 lon Lipovitan mát lạnh, vừa thưởng thức vừa ẵm giải thôi nè 
Phạm vi áp dụng: Hà Nội, Thanh Hóa, Quảng Trị, Quảng Bình, Đà Nẵng, Quảng Nam, Thừa Thiên Huế, Khánh Hòa, Bình Thuận, Daklak, Lâm Đồng, Hồ Chí Minh, Bình Dương, Đồng Nai, Bà Rịa – Vũng Tàu.
 Thời gian diễn ra chương trình: 01/04/2023 – 30/06/2023
----------------------------------------------------------
Để biết thêm thông tin chi tiết, hãy liên hệ:
 HOTLINE: 1900 571 579 
WEBSITE: https://www.lipovitan.vn/ 
 EMAIL : cskh@taishovn.com 
 FACEBOOK: https://www.facebook.com/Lipovitan.vn 
#LIPOVITAN #Lipovitan #NuocTangLucLipovitan #ThuongHieuNhatBan #BatNapTrungVang #UongCangNhieuTrungCangDa",596.0,101.0,13.0,https://www.facebook.com/Lipovitan.vn/posts/pfbid02d7RsnSaVtywLAiA8p7neYM5AGS1nKRZkiMiDsTebfsRkJHP94VeUuwUcqZpn4Dqhl?__cft__[0]=AZVsgbdbRrW54GJrcoXj6EsPf6iCYp8jDULJufErsiSWsboTlU3jMMfpoVLGgUVIcdPBP_Fx5HKB3fytKM2d74eXBmyzGA7xzGMQLO0qztBxj6BpfgAR372VUG7-M9O3p4Rnxopy0sunudzBrRnNSKAtjG1HUFDLY6B-UxF6C6-h2hkiZaQwyNu1IINjSobxQce4_xcnbV9VNX2HILW8cgGY&__tn__=%2CO%2CP-R
49,2023-05-16,"Minigame| Ghép Đúng Hình – Trúng Quà Vui
Tưởng không dễ nhưng Dễ Không Tưởng luôn đó cả nhà 
. Bà con nhanh vào đây tham gia Minigame “ Ghép hình đúng – Trúng quà vui” từ Lipovitan nhé 
. Chỉ cần xếp đúng thứ tự để thành 1 bức hình hoàn chỉnh là đã có cơ hội nhận quà rồi 
3 túi du lịch xinh xắn sẽ dành cho 3 bạn may mắn thực hiện đủ 3 bước dưới đây:
1. Like Fanpage & Like bài post minigame này
2. Comment đáp án + chọn số may mắn từ 0-999
3. Tag 1 người bạn mời tham gia cùng và hashtag # Lipovitan
Ví dụ: Đáp án là: 1A 2B 3C 4D + Số may mắn 99 + Tag 1 người bạn + #Lipovitan
Người trúng thưởng sẽ là thực hiện 3 bước trên đầy đủ + Có thêm sự may mắn nữa nhé!
Hệ thống chọn người trúng giải của BTC sẽ quay số + tên tài khoản Facebook đã thực hiện đầy đủ 3 bước trên. Admin sẽ công bố người trúng giải thỏa mãn 2 điều kiện “đúng tên tài khoản Facebook & số may mắn” được hệ thống lựa chọn.
Ngày kết thúc Minigame: 23h59 phút ngày 05/06/2023
Ngày công bố kết quả vào 09/06/2023 tại Fanpage “Nước Tăng Lực Lipovitan”
Chúc bà con thật nhiều may mắn! ️",610.0,580.0,370.0,https://www.facebook.com/Lipovitan.vn/posts/pfbid02MGKN6njEjk9tsyrnz5j8kMWwrTGksxgYF5ba5497dESPeHyStF7UdACt3jQRqjCxl?__cft__[0]=AZU1GcCHTuBwWTVY9B9IvO_10r4qGhQKJX1Tz-pkxrIHjIjkIhqHmLUxhaC9aDsTdE1ZqD9VsSBtyhaOllf98eV7vXSjR9-Nm7O_BJSB7bHocA-omXFzhGBUiGjq5wmKmloDhdXmw5jgHlHCwQRK3LIyrLuz1I8taGeiVED3gEmIME_LfiBYkVCPUoMC2f3mTrCc6ng6u_fuMpMLcVQw6W8q&__tn__=%2CO%2CP-R
50,2023-06-01," Lộ Diện Chủ Nhân Giải Vàng 2023 
Lipovitan xin chúc mừng các quý khách hàng đã may mắn sở hữu Giải 1 Chỉ Vàng SJC 99.99 
Hãy #BatNapLipovitan ngay để có cơ hội trúng hàng triệu giải thưởng hấp dẫn!!!
Phạm vi áp dụng: Hà Nội, Thanh Hóa, Quảng Trị, Quảng Bình, Đà Nẵng, Quảng Nam, Thừa Thiên Huế, Khánh Hòa, Bình Thuận, Daklak, Lâm Đồng, Hồ Chí Minh, Bình Dương, Đồng Nai, Bà Rịa – Vũng Tàu.
 Thời gian diễn ra chương trình: 01/04/2023 – 30/06/2023
-------------------------------------------------------------------------
Để biết thêm thông tin chi tiết, hãy liên hệ:
 HOTLINE: 1900 571 579 
WEBSITE: https://www.lipovitan.vn/ 
 EMAIL : cskh@taishovn.com 
 FACEBOOK: https://www.facebook.com/Lipovitan.vn 
#LIPOVITAN #Lipovitan #NuocTangLucLipovitan #ThuongHieuNhatBan #BatNapTrungVang #UongCangNhieuTrungCangDa",69.0,5.0,11.0,https://www.facebook.com/Lipovitan.vn/posts/pfbid02f6RmsrKBU2yhieS25Uph3NAqQgWwM1mDJDVti9AuaW9ureBiPnCjiQssujGbpCzKl?__cft__[0]=AZVk5he6NBR-mJk_oZKisEWhRV8GGZaCw1PpmUm8PQO4x2Yj8qUve1v-zpgrD1YUwXmdp8eC4s0JqQvSrALqQQooRNe4zGIY4nzOSCZirru3rXBSb8fvOmtJFUq8mHT0cMmvcj_wt3gHFjTUSqVyyjjYpQEL8QroFCgDjCFvf5rrPWGg8wgnsCD6e4ZwN8FERz9orUqBum53fL-dz3NIOusS&__tn__=%2CO%2CP-R
51,2023-08-04,"Trong khi các bạn đồng trang lứa dành thời gian để ngủ, uống trà sữa thì em uống Lipovitan để trưởng thành 
#Lipovitan",145.0,25.0,16.0,https://www.facebook.com/Lipovitan.vn/posts/pfbid02KGzVJ1NLDiXnidXR8GVzhZUEdM9Hh1rvR3JRNL3b3P3LYTv6pRRhmcn3c6opqiVKl?__cft__[0]=AZXpsOhXXZdz0d1yH9On1UzUhMfweQbeMaC954-2Z_Ce1ZWSlVPR-0nZpd8nLKpUkps_qKL3cF4LRsXvf5yVzcZncQiiC_03O7u1QdIId6GvpS69XulzSnApQ2x5yGyhvSKaYEjyYxJf5WfcsbN-Mxw-NQB0xDbUBB8Xl45F76poqx6zDllg56UTmWqT-KNTmbRD285A4RY4gR3ygBcSGPUo&__tn__=%2CO%2CP-R
52,2023-08-17," Hội Nghị Khách Hàng Lipovitan Chuyển Đổi Để Thành Công 
Ngày 14/08/2023, Hội Nghị Khách Hàng Lipovitan 2023 vừa diễn ra tại Thành phố Đồng Hới, tỉnh Quảng Bình. Chương trình đã thu hút hàng ngàn đại lý, cửa hàng bán lẻ tham gia với gần 30.000 đơn đặt hàng.
Với thông điệp ""Chuyển đổi để thành công"", Lipovitan đã và đang thực hiện những chiến lược thích ứng linh hoạt với sự biến động của thị trường nhưng vẫn giữ vững giá trị cốt lõi và sứ mệnh là gắn bó và tạo ra những giá trị thiết thực cho cộng đồng địa phương.
Ngoài ra, Lipovitan xin chúc mừng 6 khách hàng may mắn đã trở thành chủ nhân của những giải thưởng cực hấp dẫn:
 1 Giải Nhất: 1 chiếc xe SH 125i bản tiêu chuẩn 2023 màu trắng đen 
 2 Giải Nhì: 1 chiếc xe Honda Air Blade 125 bản tiêu chuẩn 2023 màu đỏ đen
 3 Giải Ba: 1 chiếc xe Wave RSX 110 bản 2023 (Phanh cơ/ Vành nan) màu đỏ đen
#LIPOVITAN #Lipovitan #NuocTangLucLipovitan #ThuongHieuNhatBan",115.0,23.0,9.0,https://www.facebook.com/Lipovitan.vn/posts/pfbid0TQLsWi4genZqN7z5HVppv8vW8VbScSXzmHRTxisnqQ4fFHsRN9QsP13VrS1D2xsjl?__cft__[0]=AZXpPAq4u4Ove-OCGKF9L5FYLOUbmCPtx-AwVvt1JW9jRYNrUqk2wEJInGgy-_Q2VK8dZCBXJNt_uGZP9FgcMTRkUqvevp4au3eTSy_D-BcbibNokZ4Jo5HzhpHhSTFzgRxcfKWDnnza_n1f4IrQgbv46FL0sEP_EL3bFixq3zM1vETCTRY7TXmRE8YZJ14a1fG2iiVkKfv7qz3nYXdYUJ-V&__tn__=%2CO%2CP-R
53,2023-08-22,"“Anh là dân thường, không phải dân chơi 
Nhưng anh tạo năng lượng để các em luôn thấy mới"" 
Anh Lipovitan của các em đây 
#LIPOVITAN #Lipovitan #NuocTangLucLipovitan #ThuongHieuNhatBan",2400.0,326.0,37.0,https://www.facebook.com/Lipovitan.vn/posts/pfbid0CrhHM6jgzsLAAjzRCTvmGCR4RBavefNYA7GWimRGPoWCvQKg37q72jjYj5199CZNl?__cft__[0]=AZWC0X6qERTB_1t_MFSfNAyBRaVmsXlQtXzn2Df2CYdtqxBU43Fyp0wkKaqtpVgxXzF7oiJq_cDLFpXJrprmScfbiwJMQ_0JRBQYOrrkPkJjqTzA5bogW4LMP8_uqomM-6Lu-ZoVx0qBqRWAQxVyuxOoggEY9Assds1sfuFTtZ9Owffy9r-bc854o_NGYaFwvPn-1Q-9zc5E3kFLqasA-BZ2&__tn__=%2CO%2CP-R
54,2023-09-01," CHÀO MỪNG QUỐC KHÁNH 2-9 
 Hòa chung vào không khí hào hùng của ngày Quốc Khánh 2/9, Lipovitan xin gửi tới Quý khách hàng lời cảm ơn sâu sắc nhất! Cảm ơn Quý khách hàng đã lựa chọn, tin tưởng và đồng hành cùng chúng tôi.
Chào mừng ngày Quốc khánh 2/9, Lipovitan xin chúc toàn bộ các khách hàng có một kỳ nghỉ tràn ngập niềm vui 
 - 
 xen lẫn nụ cười và luôn tràn ngập năng lượng mỗi ngày trong cuộc sống! 
#LIPOVITAN #Lipovitan #NuocTangLucLipovitan #ThuongHieuNhatBan",92.0,16.0,14.0,https://www.facebook.com/Lipovitan.vn/posts/pfbid0smxbyGzZJnH3nHuk8e9UikJgYoUcJDGuUyWgNm4Hm7fhmFYDGu96eGmW9oRGk2Gol?__cft__[0]=AZVivW8Dt6oIXP1srut_iMwatoDN4f1IgLQhi96BH134cBPgT3kQMSEQ9EGZ9rWZf2lOuZ-VLtDHSIf4c_7mTCrYoGWKZ4JdoUg8sHhJ67kRnVe3XkUoAevEGaWFcCzl4ny2fzZZ0pQHX7Nr3lqjzXt2UbXYwnI2Kq9xcWnZAv66C4c0333RGYXvWGriZMQGoERUD59XvDu0pMuXmqvKnLXA&__tn__=%2CO%2CP-R
55,2023-09-08,"Hình ảnh chân thực trong buổi đi làm của tui sau 3 ngày lễ….Cíu tui!!! 
 Sau lễ mệt mỏi, căng thẳng với núi việc....làm ngay 1 lon Lipovitan lấy lại năng lượng nào các bạn mình ơi !!! 
 #LIPOVITAN #Lipovitan #NuocTangLucLipovitan #ThuongHieuNhatBan",76.0,26.0,7.0,https://www.facebook.com/Lipovitan.vn/posts/pfbid0zoCm1nm3MmLrQrC6caGhhCPGRzcRTXDJ95Far16LwCEtdUX7eSmuQ3iepz7KYxyul?__cft__[0]=AZU8iPV9qRyFVO_a1QSuX_KFZpXcJwuxlVIeSO1Gmyhu2FpWdgSDyacQv2Lqa7E6F6ZpXB6ljeeN1XgMsh1XPsQY-86ZjN--WnOEq3v-KotKTsRrOFq1jSsN6ESyaj_IgFiKe8mGAUQjRhx13wG_BFE59VwKHHKE5gMAt0-3dXMf0Vf6roVZDG0nOlLXenD2ofSzpn3Yf0V_stRyCb96I--e&__tn__=%2CO%2CP-R
56,2023-09-22,"“Thiếu năng lượng thấy lình xình  - Nạp Lipo quẩy hết mình“
 Cần chi đến lon thứ 9….. 
#LIPOVITAN #Lipovitan #NuocTangLucLipovitan #ThuongHieuNhatBan",82.0,34.0,10.0,https://www.facebook.com/Lipovitan.vn/posts/pfbid02wUStL6PmCBPf8NMU6eRHooRgQ9RoyPkY2cGhxRVwyCfpNgKNQSgo4LvJzztqHYY2l?__cft__[0]=AZXJfUabsWVZNqktseyaQcKWgTeYvznR1DBgtEMC3GiRMs4st1EqKgHLkyAVgcigVhUdndGI4rCUBhsA0SIAdBQUUMnkkGZ48iCZ65_hakTgoeIGS08IsKWoQuFaLPo3WGOdbuM50kDfk-8izJ5CS0pv7xEkuz7VNS5wjaepVB7vAHALDy3qF70DBHQlsstHPxbwBH4YJDQynrR4BW8ONGu8&__tn__=%2CO%2CP-R
57,2023-09-29,"VUI TẾT TRUNG THU CÙNG LIPOVITAN 
 Nhịp sống hiện đại, nhiều nơi không còn phá cỗ trông trăng. Thay vào đó, các gia đình dành thời gian quây quần, đoàn viên, cùng ăn bánh trung thu, uống chén trà, hỏi thăm nhau…
Cả nhà nhớ cho Lipovitan đón Tết Trung Thu 2023 cùng nữa nhé. Tối nay mình cùng bật nắp lon Lipovitan và trao nhau những lời chúc tràn đầy năng lượng, sức khỏe nè 
Lipovitan yêu cả nhà  
#LIPOVITAN #Lipovitan #NuocTangLucLipovitan #ThuongHieuNhatBan",83.0,12.0,12.0,https://www.facebook.com/Lipovitan.vn/posts/pfbid02pcNn1NPFHab717EK79eCph9CMwa2ngyYqYJo9z9pgpEe7Vx61hkRyAiDktmj2xMNl?__cft__[0]=AZWleb7oLtLVx0u2Mom4H2eANnLB7nrzyHnUoqNFGS4rnRFLLyDVZt-27Jza3LncSYNzf5vmhV2cOHu9kpeZwYwVre-zVMs8mb37slkaX0XFz6GQlICVHoifh96o60z_hgVpQ1e327xArhGxCeaZ6BA-o91TnvSxKHwMpjo4rs3pyIN2XgidOD0F9PNPwCdA0R-N7vcujwoWlQwJrnarIZd9&__tn__=%2CO%2CP-R
58,2023-10-06,"“Hỡi anh mặc áo nhiều màu
Cho em năng lượng mỗi ngày anh nha”
--------------------------------------------
“À em nhớ thả haha
Nếu anh mang lại tiếng cười cho em”
 Đoạn thả thính dễ thương giữa anh Lipovitan và các em Fan cứng 
 Fan cứng Lipovitan đâu rồi? Điểm danh nào 
#LIPOVITAN #Lipovitan #NuocTangLucLipovitan #ThuongHieuNhatBan",135.0,38.0,7.0,https://www.facebook.com/Lipovitan.vn/posts/pfbid0WNMDRumiqRUhyEo8Vbac9oKtt18kge8463gnyatwRBqnmoVFzdcijMQbE8vLbz1Jl?__cft__[0]=AZXJnT2aLDsG9NeSulpcRmz3W6UcpnHFjZET8QhA3pLOnpSROPyBX3M5F9pvoAVMl3DN-4TgLTFLJtEqMS1QsC80xr2XRHG8djSsOr7CSuZTbSH03JsQCHnUMf5Ob-JMu7XKpF6U1X2eHJ_Hcjer3sq5FNlnS_3Paap8TOGLQoo7Aa4WjaCLs8JVDsB-2EtdZaJkERNCWg_ajoLcJK-9r1SD&__tn__=%2CO%2CP-R
59,2023-10-13,"Sáng dậy chuẩn bị đi làm và phát hiện trong tủ lạnh hết Lipovitan để uống belike:
#LIPOVITAN #Lipovitan #NuocTangLucLipovitan #ThuongHieuNhatBan",78.0,18.0,2.0,https://www.facebook.com/Lipovitan.vn/posts/pfbid0sCYLqG3XEASerjQ2B2ruaVDTouwJW4xDoPrKrjAaqSAf6b555wz4B6e2MqHgHNyfl?__cft__[0]=AZVaoz6qA37Acijm8cTn67cmPBiOnblDk8vkOQVsDAd-vQ1A58YhSBqvY_IvsPFmYb-i2yE1kC7rPx335b5oLyWR9rU8iY3pW7v0mMkvMmdzLm8E2ddpk69ZwwGsg7LKCrov_NTGJGxbBD5mCuaI65ABKjBNJ8a5jU3Ml5ANh6GFi1BUnVKsbrzQuRCnwBhCV65yhSziPMYTh9R4nsyfJDXK&__tn__=%2CO%2CP-R
60,2023-10-16,"QUẨY HẾT MÌNH CÙNG LIPOVITAN TẠI CALIFORNIA’S FITNESS FESTIVAL 
Lipovitan rất hân hạnh được đồng hành cùng California Fitness & Yoga tại lễ hội ngày 14.10 vừa qua tại Thành phố Hồ Chí Minh - Sự kiện thể chất kết hợp cùng âm nhạc lớn nhất năm 2023. 
Tại trạm tiếp năng lượng Lipovitan, các bạn trẻ đã có khoảng thời gian “sạc pin cho cơ thể” và “chinh phục thử thách” hết sức thú vị, giải tỏa được mọi căng thẳng mệt mỏi sau 1 tuần làm việc học tập vất vả. 
Vừa được thưởng thức những lon nước Lipovitan mát lạnh, vừa tham gia các trò chơi vận động “bao vui”, lại còn có quà mang về ==> Tất cả chỉ có tại gian hàng nước tăng lực Nhật Bản Lipovitan. 
Lipovitan sẽ tiếp tục mang đến mọi người những hoạt động thú vị ở những chương trình sắp tới nhé 
 #LIPOVITAN #Lipovitan #NuocTangLucLipovitan #ThuongHieuNhatBan",116.0,19.0,14.0,https://www.facebook.com/Lipovitan.vn/posts/pfbid02hdyG3exhhNevid9UDb85uks7WovgE3MYZzM6p9dfPJkqb3c7kUgBSyHb813nwfoFl?__cft__[0]=AZUukx95BgPTBqBIpOOcfXzl9gDrPWD5bEH1YeuZejMBn-rFhCcPX_4n9xLrgKhYx7qnCBEHyo7eK9iH3Mr5TtHBttAn8YGb8qzpY_E385TiZmahyxynEuAMRlcuihi4BeyjTiNWKrrB7-YNf-6GSRoEoYVw1g23Mi0vui79Hx99x4Wz0_5UvseainCEUwoaPwTI14ryeomdBzlMQfoyZri-&__tn__=%2CO%2CP-R
61,2023-10-20," LIPOVITAN MỪNG NGÀY PHỤ NỮ VIỆT NAM 20.10
Mừng ngày Phụ Nữ Việt Nam
Phụ Nam hãy nhớ chớ than thở gì
Nếu cần năng lượng tức thì
Đừng quên bật nắp Lipo nhé nàng 
 Chúc chị em Lipovitan mãi luôn xinh đẹp, hạnh phúc và luôn tràn đầy năng lượng trong cuộc sống 
#LIPOVITAN #Lipovitan #NuocTangLucLipovitan #ThuongHieuNhatBan",80.0,13.0,6.0,https://www.facebook.com/Lipovitan.vn/posts/pfbid022SDW47Ny3MGDxhBNgGzXYw2RYLFp6CHvTXN7na3tzoCsz27Rzfo9Ny5vY81gWvUgl?__cft__[0]=AZUeW-4AHJMkFnwzWeTwRSuvM8Wsb7KyEZ02iKMxCAPaBEpZ0OeWKNTSqlcDY5XwVjkscRGoEosvWsadBRra6hFBCw09MiOdLeG42s8rLOKoY0MktHPSXnRhOuYKAX3ixxrslCBItXqHjKMX_K_Gt2r0UfR50E2m9ZQ5ygRTPEAjnA0TCaAU4_mtFH6FgI-ls1MUcnJxd1VYYBGbX-Tw1HHX&__tn__=%2CO%2CP-R
62,2023-10-27," Halloween này bạn định hóa trang thành nhân vật nào? 
Riêng Lipovitan đã hóa thân thành những vật dụng handmade vô cùng gần gũi: lọ hoa, ống cắm bút,... để tái chế lại những lon rỗng nhằm bảo vệ môi trường của chúng ta 
Nếu thấy màn hóa trang này đáng yêu, đừng quên ""thả tim"" cho Lipovitan nhé cả nhà 
#LIPOVITAN #Lipovitan #NuocTangLucLipovitan #ThuongHieuNhatBan",100.0,18.0,2.0,https://www.facebook.com/Lipovitan.vn/posts/pfbid02u9a98ZezpZ2dUycBDheiTEmJn31hTYiXj6JK1t6x8fmkmtWR44oz1e9uBB5VsjtNl?__cft__[0]=AZWn8ozHyWrTxen6aINORj4Y9Yiitz8ouglicqHrZwVWUxhAIkJQIV4o3UMQPQNo4E_BmNEEyNIB8BCR0FJFcasjgJJriPotoUapgCBk3P0t1kQnTVEXCdyWM-aKwIcEPCdmpg3YtE1CNFpU-b2LvXUzAXtEZzZlPFa4iAeHfuQfiQCKnsxacgF6u5ELrfG4N4ksEhSd3OUnhl64C79tLLqO&__tn__=%2CO%2CP-R
63,2023-11-08,"  Chuyến Xe Năng Lượng 0 Đồng – Tết Năm 2024
Được “Về nhà đón Tết” tưởng chừng là điều giản đơn nhưng đối với nhiều người con xa xứ, đây là điều họ chưa từng dám nghĩ đến. Nhãn hàng Lipovitan thấu hiểu và tiếp tục khởi động chương trình  “Chuyến Xe Năng Lượng - 0 đồng” cho mùa Tết năm nay như một lời tri ân đem đến nguồn năng lượng đồng hành hiện thực hóa ước mong của anh/ chị/ em công nhân có hoàn cảnh khó khăn được đoàn tụ và sum vầy với gia đình.
Nhãn hàng Lipovitan phối hợp cùng tỉnh đoàn Bình Dương cung cấp các chuyến xe Miễn Phí khởi thành từ tỉnh Bình Dương về các tỉnh:  Khánh Hòa, Phú Yên, Bình Định, Quảng Ngãi, Quảng Nam, Thừa Thiên Huế, Quảng Trị, Quảng Bình, Hà Tĩnh, Nghệ An.
Đối tượng nhận vé: Công nhân đang làm việc trên địa bàn Tp.HCM, Bình Dương, Đồng Nai.
Thông tin đăng ký vé:
- Thời gian khởi hành dự kiến: 04/02/2024 (25 Tết) 
- Xe giường nằm + phần ăn + bảo hiểm tai nạn
- Thời gian đăng ký vé: 15/11/2023 - 31/12/2023
- Link đăng ký vé: https://forms.gle/RQkRDEvMdcsjiNHE9
Chi tiết xin vui lòng liên hệ qua tin nhắn Fanpage Nước tăng lực Lipovitan hoặc Hotline 1900 571579
#LIPOVITAN #Lipovitan #NuocTangLucLipovitan #ThuongHieuNhatBan #ChuyenXeNangLuong0Dong",1600.0,218.0,224.0,https://www.facebook.com/Lipovitan.vn/posts/pfbid05c8LAdFbr8Vceku8Wzc3ATirvyyrsuiKT1TSwFzWN11Y24mJAoRGUrVvCb84FVztl?__cft__[0]=AZUonLGPwojNKzrRTRrrL-MzO3TzeUOSkdMk9ZeufoHomgkhjszBceXa0Z3mB74s3SCfXa2T_PoUbpA3sCzjKgUYYWKiSrRuJQUuEZpnjnvPZHXw0Elsu5D0u4t71DLsEDolcKXJES-QPKU6z6wDJ0SkFhKG2LLrFy4_3WAPu6qJ1WvU5sxplGeNmlHOHIMffxIh1lfVzmEeFJ-GRRVhrr_t&__tn__=%2CO%2CP-R
64,2023-11-22," ĐÁNH TAN CƠN NÓNG NGÀY HÈ CÙNG LIPOVITAN TẠI SCHOOL FEST 2023 
 Dù đã vài ngày trôi qua, nhưng sức nóng tại sự kiện School Fest diễn ra ngày 19.11 vừa qua vẫn còn lan tỏa trên khắp các diễn đàn sinh viên 
Hàng loạt các hoạt động hấp dẫn từ nhãn hàng Lipovitan như: Chinh phục thử thách, Tự tin tạo dáng ngày hè, Nhận miễn phí lon Lipovitan…đã thu hút đông đảo sự tham gia của các bạn sinh viên 
Chúng ta đã có những giây phút “cười thả ga” và “ nạp năng lượng” dưới cơn nóng ngày hè 
==> Tất cả chỉ có tại gian hàng nước tăng lực Nhật Bản Lipovitan. 
Lipovitan sẽ tiếp tục mang đến mọi người những hoạt động thú vị ở những chương trình sắp tới nhé 
 #LIPOVITAN #Lipovitan #NuocTangLucLipovitan #ThuongHieuNhatBan #SchoolFest2023",181.0,57.0,15.0,https://www.facebook.com/Lipovitan.vn/posts/pfbid02HhN5gjWKUgPPcJ4DAXqgmSAfrXKPKXVGVKB6YAovAHPpRmKxeL2c45LFyWxj8nNil?__cft__[0]=AZWNy9eKQTjXpQ1dmaJ9zbLZ2QmXtLDf8IJa79a71RHTwm4-bgi15XaxatOc3gdUtMZq-ndXmgWnJWqlUL-jM3pZwH-cb-HtcG7pIOPNbOOVOn79FFfEvPpUQ1AhdGt8N2iM-4eOM52vXgfE6t9tYIRlNeseIed_N3OXc4ntDMtM9bM2SNoBS2Vi71hclE2bCtvbYtxLHacuraxjzGYy4mjx&__tn__=%2CO%2CP-R
65,2023-12-08," Tết Rồng Phúc Quý – Năng Lượng Như Ý 
  Tết đến cận kề, bầu không khí rộn ràng khắp phố phường rồi cả nhà ơi!
Nhớ nạp ngay lon Lipo để giữ cho mình một tinh thần thật hứng khởi và tràn đầy năng lượng đón Xuân bạn nhé 
#LIPOVITAN #Lipovitan #NuocTangLucLipovitan #ThuongHieuNhatBan #Tet2024",6100.0,323.0,55.0,https://www.facebook.com/Lipovitan.vn/posts/pfbid0hSPtwPrkimSBDUBgu1pd1vVLWbiAD5nxMzHXmrnVeMvkJsDAt9ahv1P1fhWwudRil?__cft__[0]=AZXVKvdvBDbzVTxhwFba2TMtsMICzHkk09vmUbN23zo0bkCWMDCZjtku8FqRHKsrPaGUrif9d7_RrilOZsGKkqXsymComTCXJKyyJH76IVRHpS6-jp7K5Co4reOYthfDwFR9z019M8k5yEOkzQkzy1g5yqIMjzLLgDHPYuqkF0bGPCUItXCaUEDbhvGUOhHgCSer_Z-Nb4pT36o9wLSxGYGo&__tn__=%2CO%2CP-R
66,2023-12-11," Hành Trình Chuyến Xe Năng Lượng 0 Đồng – Tết 2024 
Tết năm nay, những chiếc xe năng lượng 0 Đồng của nhãn hàng Lipovitan sẽ bon bon chở bà con có hoàn cảnh khó khăn an toàn về đến các Tỉnh/ Thành sau: Khánh Hòa, Phú Yên, Bình Định, Quảng Ngãi, Quảng Nam, Thừa Thiên Huế, Quảng Trị, Quảng Bình, Hà Tĩnh, Nghệ An. 
 Chúc bà con Tết Rồng Phúc Quý và Năng Lượng Như Ý nhé! 
Chi tiết xin vui lòng liên hệ qua tin nhắn Fanpage Nước tăng lực Lipovitan hoặc Hotline 1900 571579
#LIPOVITAN #Lipovitan #NuocTangLucLipovitan #ThuongHieuNhatBan #ChuyenXeNangLuong0Dong",1200.0,92.0,50.0,https://www.facebook.com/Lipovitan.vn/posts/pfbid0gGU2qLQwGvDNSY7c1M4KhR8yVMFmn67Ye5hY9ubuF1pSwxYYmCmBWwSFHYLvjTc8l?__cft__[0]=AZUVJCOJn60m7bZrFLH1oBnxjDg-hb0rfgcyFqDJ8cMAKkfzHgaE33go81Otk7jZ1kJ92nFf6ONrKeqNhar_9serK-DY8dkUIy7hANjLvMpR-zgAGBgTIKqSEcGfPc5Oxxs3Gm4IUcwY1PKTFdGt_K_mbMfxWD_WK7TiSEOPAMLNTS95jjnbrK0xIloFn6O2uf1AcLIQwCWV9N86Chvui-04r9gVxv0eWN1HhZDbER7jnQ&__tn__=%2CO%2CP-R
67,2023-12-13," Tết Rồng Phú Quý – Năng Lượng Như Ý 
 Tết đến nơi rồi, công việc vẫn còn bộn bề mà không có mood làm gì cả? 
 Đừng lo, nạp ngay năng lượng tích cực và tỉnh táo tức thì từ Lipo để mọi việc suôn sẻ, tưng bừng đón Tết liền thôi cả nhà mình ơi! 
#LIPOVITAN #Lipovitan #NuocTangLucLipovitan #ThuongHieuNhatBan #Tet2024",9100.0,76.0,54.0,https://www.facebook.com/Lipovitan.vn/posts/pfbid05V8wfex2RyG6THqXm85mdrtWUKzPP3KJFqrgdZmvqRnh24BtehespMVcGUdkWoqql?__cft__[0]=AZVSnRbQnx8AciDNebSQTj25IdLZBc_1PB3QcUA4jpEYMWlhb4Pr7lIw5Q5MZecWeMJf-vQ1laB6CIi2Dsi2qirpFVXgDK0i_R8IJo4vKI6sShXPKHFU5Ku8sZg1ZKOh90tn9voa1oHlD5lC6BHuWEPzu-c0CkNZek7ON1a3z7S4HlM8gEMYIwUHlnDyqpFKggMPLysAXH-aQm6uuV-_7xca&__tn__=%2CO%2CP-R
68,2023-12-25,"Tết đến nơi rồi, ôi dzồi ôi các anh mình ơi!!! 
Làm sao để cả ngày tỉnh táo và có sức mạnh để làm việc đây? 
Đừng lo đừng lo, nạp liền Lipo bật tung năng lượng chán chường, vượt qua mọi bận rộn tất bật để chuẩn bị cho ngày Tết 
Tết không sợ khó, đã có Lipo!
#LIPOVITAN #Lipovitan #NuocTangLucLipovitan #ThuongHieuNhatBan #Tet2024",871.0,19.0,21.0,https://www.facebook.com/Lipovitan.vn/posts/pfbid0zwHVLncN4Hbq7gnCsfBsxMi2FRaG55CmePAVpA4jB47VSG4x77YPMChx8KJzzxrhl?__cft__[0]=AZXIsBSy83NDCLZDxRBBg9sJhLrb4ViWOTjeprJhMvN-A7U0KUyXZ3-w-F_y6mSEmmJ_6C5ai7XO04hD1fONlhquxGpkoG_cqpjU5OOjSfsiq20SBVPqJaj9-mml9wiO4upjpNST8nhXjnRA4oq_4JAt7K2h-SQOjjnhjj3FAyvsK7Njolwsjqvgyju97TqRZ4r4wfrD4H471ivTleaAGBpB&__tn__=%2CO%2CP-R
69,2023-12-25,"Sắp gục ngã vì còn hàng ngàn đơn hàng Tết mà chưa giao???
 Uống ngay Lipovitan tăng thêm sức mạnh, thổi bùng năng lượng, sẵn sàng đón Xuân! 
Tết không sợ khó, đã có Lipo 
#LIPOVITAN #Lipovitan #NuocTangLucLipovitan #ThuongHieuNhatBan #Tet2024",413.0,10.0,5.0,https://www.facebook.com/Lipovitan.vn/posts/pfbid02eVhW9QJrFCdG8NDnstG7Vubx744oVsW3ytjxnZF1pRqTpEPE1p9pYA6tGAXEJMW9l?__cft__[0]=AZUKwcxE_I6mOucnvh_57OTfJWBbpF2RMVp9st1aSIGBOFbqN-DfREeBzJPBAaVKHe5OeyDliPQ3ijI_SEUpcxvj2sw5hQytrxI5Q36vSqZ6bvpObojYp-bl9b1vwPyvAtoTukGHu_53kTsvPFenZgolt04COcvpTPV9wmJ8SbSeBQlVQACRShkMiENMhp2U0LqsNA2_W-E6-ggSpB4A0-6_&__tn__=%2CO%2CP-R
70,2023-12-25," Loa loa loa…16 chiếc xe Năng lượng đã chuẩn bị sẵn sàng để đón bà con xa xứ về quê ăn Tết rồi nè cả nhà ơi!  
Không khí mùa xuân rộn ràng khắp phố phường, đếm ngược chỉ còn 6 tuần nữa thôi là tới Tết rồi. Đừng quên Tết này, mình nạp đầy năng lượng và về nhà cùng Lipo nhé
#LIPOVITAN #Lipovitan #NuocTangLucLipovitan #ThuongHieuNhatBan #Tet2024",719.0,73.0,30.0,https://www.facebook.com/Lipovitan.vn/posts/pfbid02ZCP8NL89f1S9krkYKWfG68mZNfo4BEEf3fWN8H2bdboczXqnLHECuvBJncxhyWxcl?__cft__[0]=AZWwUFbq6rvoAEjcjh1ax_SJoVvmGZoTJCdAdj-44MW5IGxBm32XmUuCkW_tn_ln2hSrrGv3yCkYfLnJKdpuu13mlRkXp0P_ziWYK4lY5vgzPMqDIHdWHI0lLwR1-JRQVAgzyxlxmQcmQ3S5kQHGiQI4I8RALvUfxk2YKvQPpBdf5g9rgux__ubTRK1hvmqPgTucpv067fmARi5jUnlyksC35URMUf3GfbLmHcLyqlZSIQ&__tn__=%2CO%2CP-R
71,2023-12-31,"THÔNG BÁO: ĐÓNG LINK ĐĂNG KÝ CHUYẾN XE NĂNG LƯỢNG 0Đ
Sau hơn 2 tháng mở đăng ký chuyến xe năng lượng 0đ, với mong muốn giúp hiện thực hóa ước mong của các anh chị em công nhân có hoàn cảnh khó khăn được đoàn tụ với gia đình dịp Tết Giáp Thìn 2024 này, Lipovitan rất vui khi nhận về nhiều sự quan tâm của các bạn 
Kể từ 00:00, ngày 01/01/2023, Lipovitan sẽ đóng cổng đăng ký và tiến hành liên hệ xác nhận các khách hàng nhận được vé xe Năng lượng qua tin nhắn/điện thoại.
 Lipovitan sẽ thông báo danh sách khách hàng may mắn nhận được vé trên Fanpage Nước tăng lực Lipovitan trước ngày 10/01/2024.
Đừng quên theo dõi Fanpage để cập nhật thông tin mới nhất về các chương trình tiếp theo nhé! 
#LIPOVITAN #Lipovitan #NuocTangLucLipovitan #ThuongHieuNhatBan #Tet2024",363.0,30.0,9.0,https://www.facebook.com/Lipovitan.vn/posts/pfbid0YQBoUb8YYe2Scuvo97LfZ9DCeZGpCchFCKZ28uvjmDgrbtkwxJGA19XbFc81Repbl?__cft__[0]=AZVfyMqAbfe9iTu8RP1OlArpSAm7-rS-liIr30fm0kZdu2X5Rg412fr1-cGNV6542IaN76H-FYZMN2YukoPjzL64qHEgHMKSa2Xp75lqSPQhIMeWvCSnGKlIumDYSBoMFscFqvzC4IaH7F7ATRsAjs343aYGxGxbuXXiS3fj6aOsi2s3D25FD7z7RjKLZ3Glb5VRt1Z32Nfy8e6o33_-MYib&__tn__=%2CO%2CP-R
72,2024-01-09," CÔNG BỐ DANH SÁCH HƠN 600 KHÁCH HÀNG NHẬN ĐƯỢC VÉ CHUYẾN XE NĂNG LƯỢNG 0Đ 
Lipovitan chúc mừng những khách hàng có tên trong danh sách dưới đây đã nhận được vé xe về quê 0Đ từ Lipovitan trong dịp Tết Nguyên Đán 2024 này 
Do số lượng chuyến xe có giới hạn, nên chỉ những khách hàng có tên trong danh sách và nhận được điện thoại/tin nhắn từ Lipovitan mới được xác nhận vé thành công. 
 Truy cập vào link để kiểm tra kết quả: https://docs.google.com/.../1yeab2XBxv10.../edit...
Đừng quên theo dõi fanpage Nước tăng lực Lipovitan để đón chờ các hoạt động ý nghĩa sắp tới nhé! 
#LIPOVITAN #Lipovitan #NuocTangLucLipovitan #ThuongHieuNhatBan #Tet2024",130.0,46.0,18.0,https://www.facebook.com/Lipovitan.vn/posts/pfbid02MARLs5cWSpgUgFccpVtc5ZTfrx4uxiAdw9FYM498UrCTSoLJ2KjzuWySVVX6yNahl?__cft__[0]=AZVnkmzfzHPWbh_ycQLZnxZ_KHMIcTBzvvGYLx17nzm17B6OD_aIf0sW1A_Xs7mtSPN-Pe1KYDT_RF0GgaJ06wdHgQoU07sRxNI4ZXg_ZPopYlQ1lsESSXSny1fniODQBXh8n0UAahdxCdrRLYQUaT6YJm_IWXVSC3e2eQFTVTD9pnALn9XEq7j-ZI966ksPGusWsAx-N5OeOq43hLQmM8Qv&__tn__=%2CO%2CP-R
73,2024-01-25,"LIPOVITAN x HONDA BIKER RALLY: SỰ KIỆN BÙNG NỔ ĐẦU NĂM 2024 
 Khởi động cho tháng 1 này đầy hứng khởi, Lipovitan đồng hành cùng Đại hội Mô tô Honda Biker Rally 2024 mang đến một không gian đại hội sống động với hàng loạt món đồ với tinh thần ""beach and classic"", những hoạt động đặc sắc vào mỗi khung giờ khác nhau tạo nên một lễ hội đầy màu sắc 
- Thời gian: 27-28/01/2024
- Địa điểm: San Hô Xanh, 151 Thùy Vân, Phường Thắng Tam, Thành phố Vũng Tàu, Bà Rịa – Vũng Tàu
Cùng Lipovitan bật tung sức mạnh với hàm lượng cao vitamin nhóm B, Taurine, Inositol và mật ong, đánh bay cơn mệt mỏi và duy trì sự bền bì và tỉnh táo cho các biker trong suốt chuyến hành trình 
Mọi người đã sẵn sàng cháy hết mình trên các cung đường đầy sức hút lần này chưa nào? 
#LIPOVITAN #Lipovitan #NuocTangLucLipovitan #ThuongHieuNhatBan",84.0,22.0,14.0,https://www.facebook.com/Lipovitan.vn/posts/pfbid02wSor9pS3RwxBJnBA3PdPvF9MyHTtN1Lgt2jJngFS6L6TZFBY1nqWoCgYu8Bya9Z9l?__cft__[0]=AZWbO2fAV7nHpvHWIFTlU4PBizV1xwjZCLqqixGJ5v2ld3KP2xTx-CQqsRKFVlThT2QFIVe_1g_vnHP3DhaJLjPYhywERN9tcR7KT87mEbyFqj6q6pVTHyXKuJ0uQLSN_lWq3O3Icuonih9pbUh9vqe8Ddm4AMcdbhYAFqLFxqPySDtQZId2AmCXGW3pESbHhBFKPht1dCIiTSQvNF8PTjUc&__tn__=%2CO%2CP-R
74,2024-02-05," CHUYẾN XE NĂNG LƯỢNG 0 ĐỒNG CÙNG BÀ CON VỀ QUÊ ĐÃ CẬP BẾN AN TOÀN 
Ngày 04/02/2024 (nhằm 25 Tết) đã diễn ra Lễ tiễn 16 Chuyến xe năng lượng 2024 và chính thức đưa hơn 640 thanh niên công nhân về nhà an toàn, đoàn viên cùng gia đình và chuẩn bị đón một cái Tết Giáp Thìn tràn ngập niềm vui và hạnh phúc sum vầy 
Lipovitan thương chúc mọi người có một cái Tết ấm no, tràn đầy năng lượng và hẹn gặp lại ở những hoạt động ý nghĩa tiếp theo nhé ạ! 
#LIPOVITAN #Lipovitan #NuocTangLucLipovitan #ThuongHieuNhatBan #Tet2024",148.0,35.0,38.0,https://www.facebook.com/Lipovitan.vn/posts/pfbid02STQiVYXtFWir2fRNiUERyic4NGtHC4vE4FCVfobxFYfNzAMVBGymosZMFX4pzrool?__cft__[0]=AZXPmTPafc1e6zmBojU5Wb7GYhGSn4gQIk0exxiEQsxmLTHEU7hbXqybiVdm4O10alV2DrHl9Oa_2yRlk69g9jOQj0O4TfJZ0je46kCi8wFzktBpIKEjREBry_XWxYNXaRw6k_OAdwmx4CDlHhLIoomO0SKXQgw9i9-o2jHkEmuXejZL7vgGo3IbsFvA32eFdJjwFUMevsjxh-ht8MR5zo5a&__tn__=%2CO%2CP-R
75,2024-02-09," TẾT RỒNG PHÚC QUÝ – NĂNG LƯỢNG NHƯ Ý 
Khoảnh khắc giao thừa đã đến, thời điểm chuyển giao năm cũ và năm mới, mình cùng những người thân thương hỏi thăm nhau những chuyện đã qua và dành cho nhau những lời chúc năm mới may mắn 
Tết 2024 này, cùng LIPOVITAN chào đón năm Giáp Thìn đầy rực rỡ, mong chúc bạn vạn sự như ý, dồi dào sức khỏe và luôn tràn đầy năng lượng cho cả năm đầy hứng khởi bạn nha! 
#LIPOVITAN #Lipovitan #NuocTangLucLipovitan #ThuongHieuNhatBan #Tet2024",53.0,1.0,3.0,https://www.facebook.com/Lipovitan.vn/posts/pfbid02CAWF1J6TvitTKka7xH1giiBNjLrtYK9xdakbobg6dTGuouiLa6NbJh8FrnjBgdr6l?__cft__[0]=AZW2uG_llPvavbWNeIEe5OUMJzlyZlr48SSRXL-vIfqTcGQ7hr0IDeQVMrHVULgiX0AC6l9UKhh0GoLHoqF3XH_Gs4q-2RgOijRfm6lglEyxMtn_Z_m3ryyGWL3w9OUF-ikjFadAtaVMwcMbEJvs5NSpqEBIb-qaoqAMwYmWfAW4xqFErtuBjMTSBHZC1bsjdywMDkRrxLwgYMbo8-lMWlAY&__tn__=%2CO%2CP-R
76,2024-03-12," LIPOVITAN TONGKAT ALI – NƯỚC TĂNG LỰC MẬT NHÂN CHÍNH THỨC ĐƯỢC RA MẮT 
Đánh dấu cột mốc 25 năm có mặt ở Việt Nam, 2024 Lipovitan chính thức cho ra mắt sản phẩm mới - Tongkat Ali chiết xuất từ cây mật nhân 
 Với sự kết hợp độc đáo của tinh hoa địa phương - mật nhân và hàm lượng cao Vitamin nhóm B, mang đến một nguồn năng lượng bùng nổ, tăng lực tức thì. Ngoài ra, dòng sản phẩm này còn giúp phục hồi sinh lực, xua tan mệt mỏi 
Đặc biệt trong chiến dịch lần này, có sự đồng hành của “Độc cô cầu bại” Nguyễn Trần Duy Nhất – vận động viên chuyên nghiệp của bộ môn Muay Thái trong sứ mệnh nâng tầm chất lượng sức khỏe người Việt. Thông qua màn kết hợp này, Lipovitan mong muốn truyền một nguồn năng lượng tích cực lành mạnh, lan tỏa tinh thần nhiệt huyết và tự tin hết mình đến tất cả mọi người. 
Lipovitan Tongkat Ali đã lên kệ, săn ngay “Năng lượng của nhà vô địch” ngay thôi nào! 
#Lipovitan #TongkatAli #LipovitanTongkatAli #nuoctanglucmatnhan #Nangluongcuanhavodich #2024",109.0,14.0,33.0,https://www.facebook.com/Lipovitan.vn/posts/pfbid035Ry8dLGEeTybfpbnPtwPJAXbYB12an9KkN5uN6fCuMAu1dZ1PAiVK3PRgkJNm5swl?__cft__[0]=AZXzjDn38IpiKvDXapgiUAr6iDKNywbuq0e6rOiRZT5zSGAAsLFnu4ibV1BJAqiLqvJF3V5yCC1-Ir2J-_f-dyOCoCA6rjhreqEgY24XRcf5qoLkfXUBh8i9bYBFJVwssm9qNX6lTSrPGTpKYQ8MVFJKt-CJs9yDI52vOWogkuwts13R5uo3ttoign2XT6Od0KPUbIs7FEuEQ3_r9775oIwj&__tn__=%2CO%2CP-R
